,MIGPUMA,JAN_AVG_TEMP_C,JULY_AVG_TEMP_C,AVG_TOT_PPT_M
0,0100190,4.978591786847302,26.33608747187016,1.5239595850845908
1,0100290,4.601203332035364,26.006341962741303,1.4514902574722028
2,0100400,4.030482806581439,25.14456972064394,1.472489015151515
3,0100600,4.942543189395921,26.13291260787134,1.494768959205021
4,0100700,4.992191691255365,26.00611294594957,1.5387065450643778
5,0100800,5.670321743184156,26.34062339248971,1.469647762345679
6,0100900,5.217058128285631,26.211617443049064,1.4341144859813084
7,0101000,5.7892241794651325,26.02884472841556,1.416156072106262
8,0101100,5.714682334710743,26.143560740573346,1.4050240185950413
9,0101200,6.900454527579698,27.001702430264263,1.4421174496644293
10,0101300,6.684600076422242,27.012045428728324,1.4746241906961084
11,0101590,6.947487502874005,27.386763520872776,1.410807755559196
12,0101700,7.48335509568118,27.332110252808988,1.4324912921348314
13,0101800,6.988095238095238,26.703634418966452,1.4046968344155843
14,0101900,7.483128865559895,26.9250244140625,1.3671697916666667
15,0102090,8.205183238452165,27.5811000904193,1.3692532691758907
16,0102200,8.602167338709677,27.23510224654378,1.5380006912442394
17,0102300,8.971104071392276,27.335161410696138,1.4912924288617888
18,0102400,8.2608178490991,27.176947846283785,1.3717695945945945
19,0102500,9.490663703658136,27.51150344488189,1.4344990157480315
20,0102600,10.020496226165255,27.57563559322034,1.6883770127118647
21,0102700,9.951539023641411,27.667893130492768,1.7010278581755887
22,0400100,12.459211214391754,33.52706744250443,0.22235726943720965
23,0400200,10.592434904148753,29.838480364253623,0.3298605618463531
24,0400300,0.3025943992990498,22.961883890333436,0.29206783420006116
25,0400400,1.5969081417143711,23.735010466507177,0.3453535757006152
26,0400500,6.159418301131928,26.22512319476971,0.3911785226385636
27,0400600,7.851559057763482,30.016005022911525,0.22568761015156855
28,0400700,12.349680747897331,33.64802059164733,0.11423229952146172
29,0400800,9.870009353761535,30.331892514997744,0.3171712351999282
30,0400900,7.438832450141674,25.75277558304272,0.37879683413251963
31,0500100,2.110309022845644,25.952846827651516,1.2067072916666666
32,0500200,2.402734734030331,25.870852481617646,1.2656301470588234
33,0500300,2.28976188378534,25.721539469504446,1.2405187420584498
34,0500400,2.7626581101190477,26.414269770408165,1.2929328231292518
35,0500590,3.043907295334294,27.06625634566046,1.2921899302044846
36,0500700,4.408173155641841,27.43152951908683,1.3212174401197605
37,0500800,4.077021484375,27.45672265625,1.2958885
38,0500900,4.774649156617887,27.639255442187906,1.326792474320882
39,0501100,4.497058600957104,27.495221690498155,1.3085401291512915
40,0501200,4.855380929631295,27.248668643210433,1.406416591726619
41,0501300,3.7617080637100164,26.84141874473906,1.3369722222222222
42,0501400,3.7110925941651574,27.07828540157005,1.3142355072463767
43,0501500,4.3569213013548955,26.967228474650348,1.4062556818181817
44,0501600,4.929726677164873,27.091858029598825,1.4528979941291584
45,0501790,5.779833413456413,27.679703202361118,1.3761793517949303
46,0501900,6.282668269230769,27.654371995192307,1.4023871153846152
47,0502000,6.165660582614366,27.710094176364365,1.377412319422151
48,0600100,9.977698113295174,19.20928128814593,0.5252333458369477
49,0600300,4.085669772388645,23.51193930363864,0.4896731493099122
50,0600700,7.307604148216518,24.613720470817192,1.1019555314714713
51,0601100,5.769844079962638,23.40193256578947,1.0492266081871346
52,0601300,9.194271651817674,20.91103669050657,0.5164870007186156
53,0601500,1.0255235451668474,19.612451368457727,0.8720695477075588
54,0601700,4.504652728456439,21.33586943655303,1.2472759469696968
55,0601900,7.6018682706661584,26.0315220472305,0.37508958809364884
56,0602300,7.195531201399689,19.383363809778384,1.794670295489891
57,0602500,13.208788783082976,33.28239002145923,0.08069482072603719
58,0602900,8.50417334193297,27.276529793565565,0.20950531994004143
59,0603100,8.29980071773374,27.15599196519309,0.21045045731707315
60,0603300,7.532685675216548,21.389971624850656,1.2669653524492235
61,0603700,13.670989085322011,23.1147068911749,0.3887445589071526
62,0603900,5.627158552789322,23.24408567774936,0.6726328324808184
63,0604100,9.832420181110411,17.469839773125248,0.9044403330232988
64,0604700,8.302670332233598,25.48285543046847,0.3272341098537616
65,0605300,9.952484747870226,18.827583068251375,0.5464435863339385
66,0605500,8.769562163910308,22.605855570211038,0.8584278612012987
67,0605700,2.7031421388117836,20.247101092406876,1.315974838825215
68,0605900,13.939218807674726,22.51346897581836,0.3341468280726678
69,0606100,7.169373880658227,24.069378662874815,0.780924956699414
70,0606500,12.026256942732141,25.887253808575217,0.3016828012887622
71,0606700,8.501847049574906,24.466285828744294,0.5147045326365709
72,0607100,11.235110348905499,25.48203462862834,0.35001895775363373
73,0607300,13.345831875932,21.819998700873775,0.3138443672318272
74,0607500,10.816344740951653,16.121604344171264,0.6138064047801112
75,0607700,8.47608896483728,23.769985705909317,0.38347744306988457
76,0607900,10.55128582462168,19.48591210961989,0.5060129058019782
77,0608100,10.387144778909128,17.624716609471196,0.6380918855975886
78,0608300,11.883851629063905,18.835733253936933,0.4551405873401156
79,0608500,9.940730436126556,20.73884884462753,0.501084404368831
80,0608700,10.093900316967131,17.241317005007947,0.8433950058157785
81,0608900,4.629897388059701,23.21912896455224,1.2439929104477612
82,0609500,8.775492714418581,21.958595196480587,0.5426882237406292
83,0609700,9.014724355853359,19.488472426792434,0.958965324349985
84,0609900,8.360309438710532,24.814869777993486,0.3621614746157091
85,0610100,8.121742782278806,24.94264805169753,0.7540414094650206
86,0610700,6.9653413601036425,25.19006659255582,0.37612292146939974
87,0611100,12.570297281780896,20.647401609416576,0.41578506927252473
88,0611300,8.525741500471106,24.372413826947238,0.5492781878140705
89,0800100,-4.277344252583157,17.492304773267296,0.5440031872569634
90,0800190,-0.5200485365957073,22.724952918969553,0.4234623210123428
91,0800200,-5.704501513716712,19.442564853076217,0.5073891758494031
92,0800400,-7.915142599660729,14.524007368532654,0.6580718829516541
93,0800690,-2.1917797377053354,20.66493323003578,0.4063339039123572
94,0800900,-5.369324638429752,16.98763236053719,0.5983296143250688
95,0801000,-2.6728793296218405,23.03871783789427,0.351283795305524
96,0804100,-1.5004450882835927,20.612544793499396,0.46119189062362076
97,0900100,-1.5568024452120242,23.307325476875622,1.2748623465045066
98,0900300,-2.8764821704612134,22.84771237276745,1.2788277311589547
99,0900500,-4.268949425738791,21.508762525475543,1.2947697860054348
100,0900700,-1.9862669164484195,22.767006613991477,1.3062514204545455
101,0900900,-1.9496309494440565,23.004905639496688,1.3001158020584007
102,0901100,-1.6711533525327111,22.509039706196045,1.2676252677317057
103,0901300,-3.2879021827210773,21.93809736535904,1.2567154255319148
104,0901500,-2.9805990683065877,21.97658229518581,1.2697835022522521
105,1000100,0.5582970581166625,24.99117204112575,1.217091438915557
106,1000200,1.5767469323199725,25.204587720788044,1.201225
107,1000300,2.335912407769097,25.440587022569446,1.2010114583333336
108,1100100,1.9365650416177145,26.121589375260626,1.1596009126016227
109,1200100,12.70072770530008,27.518304610926606,1.336039145858074
110,1200500,10.427626953125,27.5703125,1.580628125
111,1200900,16.160234241422494,27.746243188549837,1.3654300382251452
112,1201100,19.655609414768705,28.561110727069828,1.5362880074904324
113,1201500,16.948385487432066,28.01179659193841,1.3766890851449276
114,1201701,13.98319567664195,27.5943210407839,1.3722153532608694
115,1201900,12.677694728231838,27.75814636752137,1.3333421474358975
116,1202100,18.09300736534979,28.28846184185209,1.4355975536362768
117,1202300,12.385164677189087,27.53778189773689,1.3742694915254237
118,1202790,16.537602950442917,27.832485253222625,1.3076056473617739
119,1203100,12.693227828398717,28.199499309788507,1.3275527895943922
120,1203300,10.774830638125934,27.880714429040548,1.6903115184506066
121,1203590,14.453603606371853,27.772750521660708,1.3410420043967464
122,1205301,14.50185238736347,27.616756105885926,1.3534693567961165
123,1205700,15.804757939855099,28.15300815079443,1.3623708520756939
124,1206100,16.68067117339199,27.726301767293688,1.3674814927184467
125,1206300,10.867945929982818,27.61815399484536,1.4804962729357798
126,1206900,14.382147430120407,27.780736375164484,1.3155037890209296
127,1207100,17.641498112019192,28.199353076069993,1.4241284752862016
128,1207300,10.680497162475909,27.743301497581264,1.4769782102804712
129,1208100,16.240756459179057,28.012283178653473,1.3816642657186577
130,1208300,13.7430488496085,27.690850764236927,1.332149386576027
131,1208500,17.632833016018907,27.96491350446429,1.3530884978991595
132,1208690,19.856714559768967,28.525076801845707,1.5550004671657964
133,1208900,11.914064551601891,27.782579438025206,1.33342450105042
134,1209100,10.27002584523168,27.649764839260058,1.6797749640804598
135,1209500,15.484772152970303,28.174526059800176,1.339355810340156
136,1209700,16.01302343795325,27.9938395010626,1.3058734049359257
137,1209900,18.785466711337357,28.11056705411889,1.5100780078252964
138,1210100,15.280873582824448,27.956082471077174,1.3714623223258866
139,1210300,16.129180888786216,28.32143624811971,1.3480269746071705
140,1210500,15.992039552031216,28.102618948143476,1.3352136176736225
141,1210790,13.20779120382016,27.787292332680614,1.324972471998463
142,1211100,17.279041529334542,27.82853629449418,1.3661729251571169
143,1211300,10.341689818683156,27.681729403409093,1.7017705548128341
144,1211500,16.506865154502197,28.097090259437998,1.3527022900732164
145,1211700,15.1012318679489,28.164084540483408,1.3657477502979154
146,1212100,11.60223388671875,27.607462565104168,1.3781254528985507
147,1300100,10.87129334566886,27.97540433114035,1.2864874559859154
148,1300200,10.195949431388609,28.042094569052416,1.2486776713709677
149,1300300,9.25639064956761,27.81457903400157,1.2082309355345913
150,1300400,10.005553356239302,27.957548753917667,1.2655032346116581
151,1300500,10.547984510365099,27.757797996596533,1.2775459467821781
152,1300600,10.711759747199292,27.715626842570753,1.298894899764151
153,1300700,9.958816489885075,27.573298764168765,1.2640270780856424
154,1300800,10.006074844306049,27.55881790758452,1.3036501334519572
155,1300900,9.220606214217558,27.786237177958014,1.282241054389313
156,1301090,5.68626044343996,26.27778557896857,1.34257350964748
157,1301100,9.806362693285035,27.665618579692907,1.3540620674740484
158,1301200,9.688051120923912,27.812173913043477,1.2205476086956522
159,1301300,8.790059549825175,27.72738540756119,1.2089959571678321
160,1301400,7.838640566225406,27.49139404296875,1.2108421585648148
161,1301500,8.509669494628906,27.671280924479163,1.2246075520833333
162,1301600,7.636445886948529,27.302800026260503,1.217316701680672
163,1301700,8.08882310655382,27.4157470703125,1.3153396701388889
164,1301800,8.362019288040026,27.216109434561627,1.2914056543837358
165,1301900,6.90550048828125,26.6191845703125,1.265682421875
166,1302100,6.212533534258261,26.181200049389368,1.3300296336206898
167,1302200,6.599743480413732,26.33360383656103,1.3266628521126762
168,1302300,5.687069607764175,25.8733036001933,1.367982280927835
169,1302400,6.115332561990489,26.212057362432066,1.3122244395380436
170,1302500,5.255618933475379,26.00110233191288,1.3442318497474748
171,1302600,4.138890883501838,25.447703642003674,1.4315235906862744
172,1302700,4.495884352463943,25.981112905649038,1.4043752403846157
173,1302800,4.045782254823151,24.629625326567524,1.5262431672025722
174,1302900,5.111937798394097,26.004058159722224,1.3105388020833333
175,1303000,5.460267449959221,26.079264706323055,1.342203676926354
176,1303100,5.021562577093013,25.774655399906084,1.3634688728750004
177,1303200,3.707734375,23.5137109375,1.6769713541666667
178,1303300,5.053424541766827,25.69671630859375,1.4159618389423076
179,1303400,5.213266888786765,25.610460707720588,1.424223069852941
180,1303500,5.455563681466239,25.809097290039062,1.4069383370535713
181,1303600,6.0803739486202115,26.541031376008064,1.2821696068548387
182,1303700,6.118993189427759,26.623427353896105,1.2409338474025977
183,1303800,5.885273615519206,26.303914388020832,1.3229585774739583
184,1303900,6.377864990234375,26.675751953125,1.248500859375
185,1304000,7.689748844630282,27.5739316268706,1.176582636443662
186,1304007,5.474975345891726,26.086791298949834,1.3517599459840421
187,1304100,7.2717093190839215,27.296705676663308,1.1743101058467742
188,1304200,7.637859799817639,27.350718045424404,1.1903386936339524
189,1304300,6.241172698606928,26.59014377823795,1.2712825677710844
190,1304400,5.763671196831597,26.126814778645834,1.360584982638889
191,1304500,5.4847820651146675,26.081924930695564,1.3357842741935484
192,1305000,6.149292867001022,26.446400488960467,1.3209536474766195
193,1306000,6.258555785010134,26.541813608341215,1.2921331106474916
194,1600190,-2.397172627960895,18.440627997075865,0.9119716500263894
195,1600300,-4.989510688697643,17.230731727997288,0.7747079023232152
196,1600490,-0.8231575264637992,23.17467453033442,0.3374939823689563
197,1600900,-2.5234815725321806,21.138184805366006,0.3496064671215881
198,1601000,-3.9670638236767557,20.33220399737424,0.43597467523493644
199,1601190,-6.086873536322367,19.156468968978523,0.47876612230510435
200,1601200,-6.351173462906504,18.475268356199187,0.542537855691057
201,1700104,-6.345677262645657,22.68822414592161,0.9690670021186442
202,1700105,-5.407490667895736,23.75052250657126,0.9559910922897198
203,1700202,-4.572869472196406,23.969129975991326,0.9747228159851302
204,1700300,-3.17633780420354,24.497193030973452,0.9883711283185841
205,1700401,-2.2792003150636875,24.714730745358377,1.0126705526770294
206,1700501,-1.6256452641670893,24.948937468306287,1.0863443204868153
207,1700600,-2.4432817441819297,24.275836126321753,1.0721587990936554
208,1700700,-1.0348576584907427,24.970686403039384,1.1620754494863013
209,1700800,0.6436056883438773,25.623588230298914,1.2272259680706523
210,1700900,0.22774435224987208,25.553766159784224,1.1736875
211,1701001,-0.4560756412529317,25.49595905172414,1.1213226419878297
212,1701100,-0.3427669521569681,26.049716870118814,1.1111271699346388
213,1701200,-0.7972963182601226,25.74856559166749,1.0946556256038824
214,1701300,-2.8365069765033137,24.276636482007575,0.9777428977272727
215,1701500,-2.8647507001768866,24.234524708873817,0.9965921285377359
216,1701602,-2.8977239678375915,24.241098312043796,1.0072436131386862
217,1701701,-4.552355366368448,23.734930223034276,0.963597152217742
218,1701900,-3.9209750756285247,24.03141520794173,0.973688087406015
219,1702000,-4.165416844083235,23.70253721119668,0.9649195793838863
220,1702100,-3.589724926238364,23.71322307180851,1.0020681515957446
221,1702200,-4.082311166465378,23.454167610205314,0.9881599235104671
222,1702300,-4.436811042554451,23.354026100852273,0.992214725378788
223,1702400,-5.022733204925115,23.21883100518433,0.9541378168202765
224,1702501,-4.972727171132262,23.442429233604752,0.961789502640845
225,1702601,-6.086913190569195,22.56960274832589,0.9472573660714286
226,1702700,-6.556388640499498,22.339984939759034,0.9602132279116468
227,1702890,-6.498011866996589,22.414514070897848,0.9515551272024552
228,1703000,-5.384017048794823,22.979580393117327,0.9689514251600766
229,1703100,-4.546282374657841,23.44048226788241,0.9925631481493555
230,1703200,-4.783897469565344,23.427570948617248,0.9852171922266051
231,1703300,-5.290690255244534,22.55035410046102,0.9477748969338856
232,1703400,-3.975539654705026,23.700369275181902,0.994854050300641
233,1703600,-5.965754286768406,22.42710850829413,0.9604612676220821
234,1703700,-4.847011537905092,23.221831597222224,0.9597140624999999
235,1800100,-3.9461563494044003,23.263016104631376,1.0022040936537115
236,1800200,-4.220623980511676,22.78746619591346,1.0141328983516484
237,1800300,-4.316182542883832,22.566858440896738,1.0264089673913042
238,1800400,-4.196976772781752,22.626833130611082,1.010456131158738
239,1800500,-4.210501869956215,22.589173033997252,0.9774957074175824
240,1800600,-4.3548126759882955,22.484713173586574,0.958297703180212
241,1800700,-4.298908659699675,22.858012885551947,1.0174407467532467
242,1800800,-4.150209509808084,22.689853834069293,0.999503566576087
243,1800900,-3.7645621870475385,23.027126945583976,1.010198178088803
244,1801000,-3.8403534924340024,23.029846176589356,0.9815764820954077
245,1801100,-3.63736203215843,23.06101698764535,1.046760465116279
246,1801200,-3.43396225795951,23.260587302587364,1.029362987231183
247,1801300,-3.597813739677785,23.02533496599741,1.0489502914507773
248,1801400,-3.6724411077374453,23.012064171670307,1.0281416484716157
249,1801500,-3.376431472009892,22.86033399842626,1.0632387589928058
250,1801600,-2.5322046302452716,23.863378213652485,1.1035069444444443
251,1801700,-1.82972666422526,24.40297580295139,1.1394231770833332
252,1801800,-2.785028846880053,23.51005235314721,1.0916371255584738
253,1801900,-3.0967011885209517,23.17421930486506,1.087857421875
254,1802000,-3.2693458557128907,23.051089477539062,1.0670505859375001
255,1802100,-2.2444235591565147,23.552734375,1.1757073622881355
256,1802200,-2.67435245513916,23.54207763671875,1.1157870117187498
257,1802300,-2.386134339937059,23.93685904014851,1.1136824043756275
258,1802400,-2.144176483154297,23.866134643554688,1.146144287109375
259,1802500,-2.3789155921157525,23.579505141900512,1.1380646258503402
260,1802600,-2.720421669042506,22.983484060278435,1.1220970082938388
261,1802700,-1.0055518872810132,24.255318249458874,1.2348359036796537
262,1802800,-1.5156119791666667,23.911707356770833,1.2260279166666668
263,1802900,-1.0249558773786662,24.04100744151536,1.2316282297486034
264,1803000,-0.9681919274953852,23.89259872758439,1.2201499208860758
265,1803100,-1.2319616061538012,23.770469551655783,1.180266791044776
266,1803200,0.30843268174391525,25.526019756610577,1.2322615384615385
267,1803300,0.6152999877929688,25.66600008877841,1.2328914772727273
268,1803400,0.048657620337701615,24.992242103494625,1.2561971774193548
269,1803500,0.1670816190574201,24.597192054372197,1.260461182735426
270,1803600,0.43042768915015533,24.94727444935994,1.2723915662650602
271,1900100,-8.863069064954189,22.576355939136125,0.7760623363874346
272,1900200,-9.132179465868795,22.151741190159573,0.8921349290780143
273,1900400,-8.61845539525612,21.966640826353093,0.9572084407216495
274,1900500,-7.868108678747107,22.67220504195602,0.9475832609953703
275,1900600,-8.129723385730422,22.66089278990964,0.9097965361445783
276,1900700,-7.646823489010989,22.28996823489011,0.9641747939560439
277,1900800,-6.355845296410183,23.046365489130434,0.9579384296338672
278,1900900,-5.750534921322229,23.47140330188679,0.9579239386792453
279,1901000,-7.00301522919626,22.779988606770832,0.9706633522727273
280,1901100,-6.024186134338379,23.483600616455078,0.9476397705078126
281,1901200,-6.980402127118178,23.070092429577464,0.93710068221831
282,1901300,-7.039666364734299,23.16785552536232,0.919085220410628
283,1901490,-6.145054159096882,23.86700117753339,0.8962377455796552
284,1901800,-5.604616319444444,23.70954861111111,0.9399376666666667
285,1901900,-7.566253573481366,22.998489306026137,0.8279554695062924
286,1902000,-7.457097152990798,23.183334631422543,0.7718202645705521
287,1902100,-5.602882084453405,23.935768555854242,0.8713871714456392
288,1902200,-5.107018375703376,24.012544589027335,0.9593898713826366
289,1902300,-4.499885559082031,24.279462541852677,0.9648099888392856
290,2000100,-1.4505111497563743,25.468042478751464,0.561255715123095
291,2000200,-2.074602059702345,26.101705237515226,0.778963915956151
292,2000300,-2.0541349898937136,25.901815724927324,0.8678197674418604
293,2000400,-2.2302650649540703,25.692059167867438,0.9704814481268011
294,2000500,-1.463731719226372,26.094393102134145,1.0398769054878048
295,2000600,-1.349091626594006,25.969359938779686,1.0420430943407586
296,2000700,-1.4875637622589761,26.059211893284573,0.9895741356382979
297,2000800,-1.7610319266693415,25.941147735792995,0.9437145971531016
298,2000990,0.027654003033189815,26.6677093890544,0.8408702605485775
299,2001000,-0.2895104500555223,26.740013860887096,0.7740561995967741
300,2001200,0.15965318857260932,26.160918394471025,0.5138804492291335
301,2001300,0.09188241839169003,26.875922789822795,0.895748943017468
302,2001400,-0.6227598934074415,26.149832105719238,1.0563275563258232
303,2001500,0.6804435063334344,26.555912469660193,1.1263929611650485
304,2100100,2.14175305065808,26.191137915259013,1.3276970720720722
305,2100200,1.7173055013020833,25.87172031641604,1.2817759241854638
306,2100300,2.1126019413140673,25.989326949668136,1.327396662979351
307,2100400,1.9512297930395386,25.374424037273474,1.346502780065898
308,2100500,1.9233653728778546,25.57743718073918,1.3499522235576924
309,2100600,1.749163632465498,24.670028454156093,1.3581657677664976
310,2100700,1.7127625356496,24.23073569961073,1.3666317041522493
311,2100800,1.2748383721944803,23.954789518900345,1.3323654424398628
312,2100900,1.7014349168346774,23.57227507560484,1.3806975806451611
313,2101000,1.2805997614274944,23.66922586006031,1.284051260964912
314,2101100,1.1950545110622375,23.949577096463585,1.2281992296918767
315,2101290,1.0722347065866888,24.840063561702426,1.302596676556968
316,2101400,1.1825688229331488,25.648482001582277,1.2498818037974686
317,2101500,1.0955365677954445,25.565794179137324,1.2600162852112675
318,2101690,0.41065509711248316,24.828854223253895,1.273570791343641
319,2101700,1.1913111185646568,25.630705305317658,1.2639682150118958
320,2101900,0.4683969474721089,24.462867610375763,1.2736997363459603
321,2102000,0.4739078868519176,24.569226444128788,1.2751273674242425
322,2102100,1.0609671698676215,24.41889105902778,1.3047094618055555
323,2102200,0.7830125655250988,24.130194302262932,1.2801271551724138
324,2102300,0.19238167682676824,24.35085430582061,1.248425572519084
325,2102400,-0.460465826639315,24.495446181878812,1.1769565548780487
326,2102500,-0.49391549209068564,24.438910122575432,1.179586880387931
327,2102600,-0.12629960477352142,24.459440231323242,1.205926025390625
328,2102700,0.1694033632184019,24.11855855507426,1.2422200495049505
329,2102800,0.24853027758955143,23.906618702168366,1.1874049744897959
330,2200100,7.865588195878447,28.43839842599522,1.3340847537851703
331,2200200,7.650310733454014,28.28044016768293,1.3691204268292683
332,2200300,8.240354958298726,28.139376989894796,1.4322933277962346
333,2200400,7.771371023995535,28.130338396344865,1.4620571986607143
334,2200500,7.784836358232461,27.99927047307312,1.468679347826087
335,2200600,8.98607827719156,28.02316101866883,1.4905935064935065
336,2200700,9.424616552408128,28.060011831848552,1.521282154788419
337,2200890,10.60956261892916,28.120542963762915,1.5820044870206442
338,2201000,10.423140431178435,28.108543803673665,1.5824002862595419
339,2201100,10.861061324616392,28.120959253368262,1.588083645209581
340,2201200,10.951792975755778,27.99867841337519,1.6303692974991588
341,2201300,11.255554041505167,27.957876594799743,1.6029278468586388
342,2201400,10.418078020100703,27.8235194213555,1.6131240409207162
343,2201500,10.567198966599515,27.885495095044167,1.6410127009952515
344,2201600,11.015781813401443,27.927411358173078,1.6392889423076922
345,2201700,10.362948099772135,27.738972981770832,1.6676927083333333
346,2201800,10.1588820499253,27.73510061317231,1.659000747011952
347,2201900,11.669389889564043,28.29709201388889,1.6670690586419752
348,2202000,11.938994755018626,28.139079314983444,1.6484457018272427
349,2202100,12.007271544574058,28.120418182791095,1.628781357020548
350,2202200,10.721711279319363,27.894332415458837,1.649451795389732
351,2202390,12.14607468540503,28.754697422060833,1.6820718804682375
352,2202400,12.03316733086955,28.826671241098513,1.6887050550745701
353,2300100,-10.601759383378017,18.699400971849865,1.1546649678111587
354,2300200,-10.592152222161333,18.566882329570365,1.1902270933800965
355,2300300,-9.366331792318634,19.693289918207682,1.162356952347084
356,2300400,-7.315651745053392,20.476415279522612,1.1874267430904522
357,2300500,-6.236661962059002,19.43906345042579,1.2354629742962056
358,2300600,-7.043745369746767,20.53966864224138,1.245516433189655
359,2300790,-5.632064915158641,20.577685833195137,1.2573158926866386
360,2400100,-2.376658170417165,21.460136158044257,1.1638523474880382
361,2400200,-0.23747670071796304,24.057325640928397,1.0656670964805826
362,2400300,0.08542587369898198,24.47691667619747,1.1429223634050736
363,2400400,-0.010448942793176529,24.454618413397608,1.1647058676861701
364,2400500,1.100402040811633,25.459696220166574,1.2195078886608064
365,2400600,0.802981392213107,25.1522950270694,1.2300110439222562
366,2400700,0.47780516208746493,24.85365491035657,1.2185106169871796
367,2400800,1.462924323507318,25.86289032612126,1.2131414226586776
368,2400900,0.8033705350412516,25.04409911254965,1.1875712808412848
369,2401000,0.9824113000720681,25.109547806282304,1.1588993403618644
370,2401100,1.5850249098612577,25.696804783346806,1.1653610814641389
371,2401200,1.654758208042005,25.830980125980094,1.191910180862846
372,2401300,2.148214910448212,25.813803761275775,1.1955812661082474
373,2401400,3.037435531616211,25.72330093383789,1.18581396484375
374,2401500,2.553203667534722,25.742854817708334,1.1774020833333334
375,2401600,2.112239621720224,25.655393204599058,1.1564254864386792
376,2500100,-5.845990498860677,20.112462361653645,1.29763330078125
377,2500290,-4.2293893496297486,22.08742333527278,1.243628684468624
378,2500390,-2.62129312318657,22.489637477782573,1.244732636844251
379,2503300,-1.8123979939968795,22.926231275640227,1.2371610154352048
380,2504790,-0.1606369342916039,21.869677153500344,1.2264776620017268
381,2600100,-9.990018108146874,18.496526283706253,0.8158844163312249
382,2600200,-8.492419345773381,18.81909940797362,0.8483412912912913
383,2600300,-7.2921310328025895,19.767421214323466,0.813194708994709
384,2600400,-6.903092600743349,19.781758912852112,0.8662924177115988
385,2600500,-5.51898534164816,20.298820689244923,0.8700183217005076
386,2600600,-5.433349609375,20.57445136467275,0.9297498658798283
387,2600700,-4.396936668539947,21.21473549896816,0.9360066332547169
388,2600800,-4.084574747892547,21.68611490017803,0.9735007169708053
389,2600900,-4.125487129643278,21.770383438974058,1.004399960691824
390,2601000,-4.755784930596033,21.686048392476543,0.969123752315198
391,2601100,-5.960743120521497,20.87743207603503,0.9164019373673036
392,2601200,-6.044552209242335,20.95944501768868,0.8737731918238995
393,2601300,-6.767120046713917,20.289924291237114,0.8217465206185567
394,2601400,-5.390728877140925,21.585411658653847,0.8346871995192308
395,2601500,-5.224955480238971,21.746467141544116,0.8410500919117647
396,2601600,-5.371976374624248,21.149772200651302,0.8251152973790323
397,2601700,-5.1216070064455606,21.62778267581461,0.8412555014638871
398,2601800,-5.004344526714857,21.567420440003527,0.8828377833154499
399,2601900,-5.061908224354619,21.657961107336956,0.8974520380434784
400,2602000,-4.654171199235232,21.907061741824894,0.965346782700422
401,2602100,-4.376357427318397,22.141171924546406,0.9900108128490286
402,2602200,-4.585130901427931,22.100798538427032,0.9780923295454546
403,2602300,-4.177773189984159,22.180043022753456,1.0090719326036865
404,2602400,-3.8571514423076922,22.38799015925481,1.0025487379807692
405,2602500,-4.5841798710643795,22.12119103912124,0.9244270441729323
406,2602600,-4.825065104166667,21.78347439236111,0.9079396412037035
407,2602700,-4.418773701360989,22.199589662069403,0.8938795225649905
408,2602800,-4.9453779296875,21.77125,0.856241125
409,2602900,-4.516531372050849,22.335262997443852,0.8541053381555425
410,2603000,-3.7995466872543187,22.924093606820733,0.8691462401574452
411,2603100,-4.638142650912267,21.76182944730202,0.8577503955696202
412,2603200,-3.598762727579304,23.153484683562993,0.8822803025199328
413,2603300,-3.8123025645380437,22.772280485733695,0.8804737723214285
414,2700100,-14.67451077063107,20.03713887203344,0.6094056769147789
415,2700200,-14.29716598731884,19.700663496376812,0.6533776811594203
416,2700390,-13.046369745154486,18.9901831225317,0.7425719669168733
417,2700600,-11.613635647681452,20.577871551961145,0.8006467192082112
418,2700700,-12.464676111205723,20.660115005534742,0.7220925579019074
419,2700800,-12.148477740986019,21.362436189293597,0.6662561626195732
420,2700900,-11.352118549822064,21.572302115769574,0.7367849755338078
421,2701000,-11.071890419407895,21.482687859786186,0.7661702302631579
422,2701100,-9.796549350767993,22.269647500315628,0.8323412280161967
423,2701200,-9.567899507620742,22.346246376109868,0.8581764337035749
424,2701300,-9.282329391580001,22.837545936430924,0.8636329265967208
425,2701400,-9.444223512738336,22.852960896752403,0.8443733744984707
426,2701500,-9.411751959788052,22.55054131200414,0.8610023882235291
427,2701690,-9.807104486838474,22.357864712316257,0.8294680965614235
428,2701800,-10.498321146904667,22.025727477254748,0.7848325751582279
429,2701900,-10.712111956222467,21.984561421622615,0.7615773678414097
430,2702000,-10.259320853960396,22.070458608360838,0.7165946782178217
431,2702100,-9.60037781762295,22.125770326060753,0.7797233606557377
432,2702200,-9.790378736413043,22.131327841938404,0.8406198369565218
433,2702300,-9.831554324127907,21.841261752816134,0.8565043604651162
434,2702400,-9.858403973568594,21.631512631094104,0.8963520408163265
435,2702500,-9.718301237915917,21.48201790130396,0.884324190647482
436,2702600,-9.213184958208583,21.74805077345309,0.9140289421157685
437,2800100,4.524877683080808,27.24990135732323,1.4166227904040405
438,2800200,4.454167273227226,26.516306369694618,1.4712160973084885
439,2800300,5.199842520639406,27.256905197251772,1.4311088209219858
440,2800400,5.480793324551841,26.968322280765506,1.484089389534884
441,2800500,5.228152683803013,27.05214582170759,1.4858077566964287
442,2800600,6.483110411212913,27.178767179319372,1.4684821116928446
443,2800700,6.2650139130741715,27.01490140248494,1.476461596385542
444,2800800,6.6254374507097795,27.77223605086751,1.4281309148264985
445,2800990,8.04464651027372,27.57681320013146,1.471903012315134
446,2801300,8.045340702451508,27.338113719019397,1.4967626616379308
447,2801400,7.53755703252447,27.106583911092983,1.4967903752039151
448,2801500,7.649583805242234,27.11026488535503,1.500450351331361
449,2801600,8.982773482868756,27.48263283972126,1.5767394018583043
450,2801700,8.722489901678356,27.369641627004007,1.5505522294589178
451,2801800,9.375831671921365,27.552757557492583,1.5939504821958457
452,2801900,10.078815976251658,27.622010734416445,1.6677582891246685
453,2802000,10.544357167119566,27.757810377038044,1.7183771739130433
454,2802100,10.357653211046765,27.568436202469407,1.7226410714285714
455,2900100,-4.055239214740377,24.573991642441857,0.982046511627907
456,2900200,-3.2806427001953127,25.032340494791665,0.9728324218750001
457,2900300,-3.270067211065312,24.74607977057771,1.0150144427402863
458,2900400,-1.6979640124012547,25.178224471421935,1.0519273931226767
459,2900500,-1.012945483104292,25.398336314006023,1.10679171686747
460,2900600,-1.486376316427327,25.49441813736511,1.084873089028777
461,2900700,-2.0632966113028908,25.319303133074936,1.054392764857881
462,2900800,-2.376655889714806,25.230736119538836,1.050906917475728
463,2900900,-2.054246757417107,25.717485329345422,1.0357429686921131
464,2901000,-1.4229749063457555,25.95633251649507,1.0684772917792826
465,2901100,-0.9574852946838598,25.891631314404123,1.08700145609319
466,2901200,0.05639680859893758,25.96315778552457,1.1418086819389108
467,2901300,0.022910418235167887,25.526596325069832,1.1426871508379888
468,2901400,-0.15865368313259548,25.46678783275463,1.1396402633101852
469,2901500,-0.3393744810379763,25.03982146836007,1.154045008912656
470,2901600,-0.6442294699608246,25.378449015534684,1.1099627890173411
471,2901700,-0.7479101746519301,25.743099280603786,1.0803372664913298
472,2901800,-0.334338363155847,26.268480046996018,1.0905249099091638
473,2901900,-0.3034361326889805,26.298105929059926,1.096230730439054
474,2902000,-0.2560546901798045,25.891714505837204,1.0964935304570016
475,2902100,0.009065755839383335,25.244959677419356,1.1316387251861042
476,2902200,0.9408051909872405,25.96573076611159,1.2455380622837369
477,2902300,2.1369962444092705,26.75365212592937,1.2828336431226768
478,2902400,0.857674537821019,25.667384370844417,1.2293302859042554
479,2902500,0.8513922312903026,25.299291217137895,1.2016382688492062
480,2902600,0.5059834139670415,25.39798964400445,1.1707102708978785
481,2902700,1.4203494023617511,25.58013437860023,1.1793436059907834
482,2902800,1.120913589209841,26.071321186266452,1.1951694078947368
483,3000100,-5.481569207870568,16.1482572885519,0.8543102840666381
484,3000200,-4.3147195883962945,17.27042980028874,0.8439273941289701
485,3000300,-5.901429348532086,16.26662566575734,0.56483352818914
486,3000400,-5.7079548232035195,19.197799973521263,0.40521077073488676
487,3000500,-5.089588458151118,17.48489887026239,0.5922866861030126
488,3000690,-5.573843410942822,21.79334479220603,0.37513039749798743
489,3100100,-3.7200268751398835,22.98773395534915,0.5223229073410922
490,3100200,-5.752288381035826,23.58635367990654,0.7275861370716511
491,3100300,-4.2848747474851585,23.557336329155675,0.6631399241424802
492,3100400,-2.916417031891085,23.838166728832523,0.5509330473703842
493,3100500,-3.480578364158163,24.45838018595596,0.6705723684210526
494,3100600,-4.040432732461024,24.661104537861917,0.7875231997030439
495,3100701,-5.1087382092453915,24.326495895737327,0.801564228110599
496,3100702,-4.877024332682292,24.604214754971593,0.8243718631628788
497,3100800,-4.301340098409142,24.68760488568155,0.7955530515883114
498,3100900,-4.975856158987124,24.54996701463342,0.8250525479666618
499,3200100,0.5946242254154391,21.26624582087919,0.3389046622063462
500,3200200,0.7874949863978795,21.311502511160715,0.27313755580357146
501,3200300,-0.6855862031955013,22.12732338878039,0.26779054145060277
502,3200400,8.163616609895156,31.90966662923445,0.14460118997060484
503,3300100,-9.41921571243641,18.528013717296513,1.2680541302765647
504,3300290,-5.132391329234206,21.493213307132965,1.1990871783132309
505,3300500,-6.239977088341346,20.63023775540865,1.205457451923077
506,3400190,1.228079116837136,24.637968931838795,1.1959404867315517
507,3400300,-0.40232437846757024,24.639464703830196,1.2514410144472434
508,3400400,-1.0767080852557944,24.10035639624635,1.285986001588677
509,3400600,0.46973010853795055,25.42048142999689,1.2440290564567873
510,3400800,-1.4533301989237468,23.3745600382487,1.2757351888020834
511,3400900,-0.11314159467321223,24.593245952421526,1.237747589261856
512,3401000,-0.8979461793664019,23.86854823557733,1.2434143059352214
513,3401100,0.3911792517806891,24.306392877898094,1.2264303004242174
514,3401200,0.5052418475027568,24.262663775738613,1.2394836869874923
515,3401300,-0.43069910955516677,24.66069219535622,1.261355458112166
516,3401500,-1.93684374425501,22.95270635327891,1.297334656603656
517,3401600,-3.1966890607561385,22.075816563197545,1.246263671875
518,3401700,-2.3093310827496407,22.63622766253592,1.2742735272988508
519,3401800,-0.1493530789262825,24.798294969309065,1.24812587485947
520,3402000,0.6192473301304598,24.932624661342462,1.2187350528602996
521,3402100,0.9708735294047965,25.51263747343155,1.2209295182109163
522,3402200,0.9651003955320054,25.445846502856,1.2154615403325013
523,3402300,-0.12333414877468117,24.45268311594095,1.2227929043030892
524,3402490,1.0988636193617005,25.072058911387558,1.1990581851125939
525,3500190,-1.055035734960402,22.612231201131255,0.28127618521755254
526,3500300,-1.6143266648414685,20.1352227393617,0.4494654776804339
527,3500400,1.9212762640013865,23.694933960887333,0.4135116024518389
528,3500500,-0.5275791378840347,21.311650750095858,0.3797499041411043
529,3500600,-0.7725407412157168,21.677355220228385,0.3485482259380098
530,3500790,1.8294863225912938,24.577200464899583,0.2771313325582644
531,3500900,2.7924993240926352,23.25929125342899,0.3414111099388057
532,3501000,6.180362170976588,27.02017185480097,0.2713930004601359
533,3501100,4.194877538916417,24.645626869857892,0.3593832273747195
534,3501200,5.728889659749035,26.973787403474905,0.3533344835907336
535,3600100,-8.595707740134689,20.240987564981097,1.085305056710775
536,3600200,-8.867307730056533,19.08214248324958,1.1642105318257956
537,3600300,-7.019365683369253,20.338270867007903,1.1522697557471264
538,3600400,-6.5093565083504545,20.382932818132392,1.2242345299776707
539,3600500,-7.60409688949585,20.157611846923828,1.181920254403131
540,3600600,-5.597136448246771,20.98276115023474,1.23987441314554
541,3600700,-4.852675248056807,21.57423094027646,1.09748041616478
542,3600800,-3.996369861421131,21.83711635044643,0.9527733630952381
543,3600900,-3.584889923497444,21.924765072849304,0.8837486020197153
544,3601000,-3.9537461862056213,21.68497191660503,0.9119556213017751
545,3601100,-3.5057219054260003,22.172554981340628,0.920875010272613
546,3601200,-3.847232244521983,21.57534205769982,1.0430452434434148
547,3601300,-5.0830703125,20.5444140625,0.9938325625
548,3601400,-4.33718650928442,21.422585012832126,0.9089895078502416
549,3601500,-5.877762806566456,20.358909381592827,1.1642386603375527
550,3601600,-6.811141475554434,20.422145392305108,1.2027631048387097
551,3601700,-5.5234555844907405,21.54794650607639,1.0676459056712964
552,3601800,-5.603625915935455,21.682494926721223,1.1476700757837919
553,3601900,-5.252782485064338,21.286814970128678,1.1516678538602942
554,3602000,-4.995420236552434,21.796586976638316,1.058820213589981
555,3602100,-5.03615323671571,20.905155642023345,1.2061714494163425
556,3602200,-5.303412363514594,20.3158321504649,1.1147223366257768
557,3602300,-5.153407016647197,20.761837397780372,1.0332808119158878
558,3602400,-4.976833071101062,20.530206447858852,0.9453969594939459
559,3602500,-5.389402573529412,19.655160845588235,1.1165701470588236
560,3602600,-4.417791088981808,20.489321999706572,1.2018436766431926
561,3602700,-4.207673287656919,21.62666794415919,1.2807846935781542
562,3602800,-3.3875883611695197,22.576545783487994,1.202772291344923
563,3602900,-3.074586701324826,22.725509622861676,1.215362589253475
564,3603000,-1.713262435263746,23.42594600265708,1.2787917397867157
565,3603100,-0.9373166832798626,23.932938317889295,1.2545521991417197
566,3603200,0.5980855603191014,24.289233029306892,1.1762528539735337
567,3603300,0.08088747136004672,23.761463412122684,1.1927069546614142
568,3603700,0.5190995762223768,25.150136275148274,1.238813844616395
569,3603800,0.5740521775181097,25.39439167584413,1.2427862528830134
570,3603900,0.5293381984063295,25.109981734825944,1.2300016895429737
571,3604000,0.6884263178654799,25.117152876927953,1.2287461835397044
572,3604100,0.7469196602822276,24.983745276884132,1.215605304978318
573,3700100,0.5387915895696271,20.85032380756579,1.3955255482456141
574,3700200,2.5018538590315935,23.706083304716117,1.3157179487179487
575,3700300,3.393654563210227,25.269001190675134,1.2078662266042781
576,3700400,3.8264019499099797,25.804372026105966,1.1900365226337448
577,3700590,4.43339288340389,26.25373251633708,1.2134842813355482
578,3700700,5.60757999292156,26.580182990771817,1.2869211409395973
579,3700800,6.327314770706301,26.67352007113821,1.343157418699187
580,3700900,5.10703319340796,26.62666647232587,1.2226252332089553
581,3701000,5.745530496432087,26.939556932824804,1.2671802411417323
582,3701100,5.4123527018229165,26.756871744791667,1.2413070833333333
583,3701200,4.894492111973294,26.348479405380534,1.2163135877217646
584,3701300,4.419414691955426,26.23776422761507,1.2067402704844317
585,3701400,4.28822265625,26.00361328125,1.198308125
586,3701500,4.826751708984375,26.29140896267361,1.1999381944444445
587,3701600,4.226097800514915,26.07985895330256,1.1815569957386363
588,3701700,4.067336724720627,25.832636168104045,1.1682906579453631
589,3701800,3.7986934599641984,25.511695609859625,1.1693784630243158
590,3701990,3.907091164514295,25.42963347086823,1.187810927707058
591,3702000,3.426232278758082,24.54955886314655,1.3371335129310344
592,3702100,3.260717571111015,24.02466494734116,1.3793731008287293
593,3702200,2.3639861779672198,22.33845978237231,1.2614117840939498
594,3702390,2.0385496058478734,21.59631514588634,1.610474851436018
595,3702500,2.6970204320447198,22.247561961206898,1.752403125
596,3702690,4.407940998975665,25.437677812850843,1.310932012946776
597,3702800,4.215731991038603,25.511569393382352,1.230169944852941
598,3703000,4.994684450797393,26.234742887012832,1.1384454501466332
599,3703100,5.195671073048818,26.466199666909404,1.14777235265518
600,3703290,4.8775863435560325,26.35122771411483,1.189695598357542
601,3703400,4.197814354529748,25.768582857572117,1.149962665264423
602,3703500,4.197882025091498,25.793991501266888,1.1639077984234234
603,3703600,4.497686476934524,26.019376793686224,1.1813170705782314
604,3703700,5.248634620949074,26.614838776765048,1.2088467881944442
605,3703800,5.465857995074728,26.802577275815217,1.216639945652174
606,3703900,6.33129134639617,26.9349609375,1.315251512096774
607,3704000,6.00836181640625,27.02547354068396,1.278974646226415
608,3704190,6.997454879367897,26.85953592485034,1.445016379047072
609,3704200,6.03705908203125,26.972779296875,1.3062307499999999
610,3704300,7.038222092848558,26.971673427483974,1.407663561698718
611,3704400,7.129141258182669,26.916181226620946,1.4244771303258146
612,3704690,7.568995584733672,27.02225449595854,1.5001037826262589
613,3704800,7.655602952453988,27.111019579179448,1.451602856595092
614,3704990,6.736508835135504,27.14129323178908,1.2676997731157578
615,3705000,6.095743920286914,27.241586291868465,1.2233354430491037
616,3705200,5.877038466191925,27.067473555033185,1.206525857300885
617,3705390,5.638389281026203,26.75387607641079,1.1588575653798758
618,3800100,-10.959333451394944,20.54660799912816,0.4407831734960767
619,3800200,-13.259991935483871,20.471048387096776,0.5305923225806451
620,3800300,-11.452973277589395,20.970479153822442,0.4983042540073983
621,3800400,-14.645373233215548,19.918833738221437,0.546766968492344
622,3800500,-13.320513314260564,21.1300478653169,0.5918764964788733
623,3900100,-4.023066533076299,22.92813387784091,0.9385771103896104
624,3900290,-3.5732062013797194,23.159459219044017,0.9018459033831693
625,3900700,-3.246032310637417,23.20071431343129,0.9599841680463576
626,3900800,-2.6932470739860546,22.98542522221941,1.0059754419395555
627,3900900,-2.504972413322014,22.771078047938353,1.0418038743102895
628,3901090,-2.8778428870781947,22.05723707342657,1.1157193703695916
629,3901300,-3.33561642964681,21.578060574001736,1.111330512152778
630,3901490,-3.2519693975214743,21.96818726493851,1.0447541984520887
631,3901700,-3.276048109266493,22.177128092447916,1.0466677951388887
632,3901800,-2.8796800534826534,22.735652215921508,1.007262022206149
633,3901900,-3.162905606356534,22.577830921519887,1.0210020419034092
634,3902000,-3.165821216724537,22.34528492115162,1.025482566550926
635,3902100,-3.3968898692029588,22.474196413730052,1.0211707114361703
636,3902200,-3.536917724609375,22.2709765625,1.045807265625
637,3902300,-3.4111185225229415,22.91040814112103,0.9963244047619049
638,3902400,-3.4987345590641366,23.128400073625656,0.9591402977748691
639,3902500,-3.3925310770670567,23.09311930338542,0.995430419921875
640,3902600,-3.4697058726165255,23.11314883474576,1.0069069782838982
641,3902700,-3.2072362899780273,22.892972946166992,1.037658935546875
642,3902800,-3.2817112617341904,22.539444633152176,1.0461305583003953
643,3902900,-2.4129564292114694,22.64626036066308,1.053531698028674
644,3903000,-2.3207835950349507,22.717855674342104,1.0612753289473684
645,3903190,-2.797807588795338,22.616307833921898,1.0455207235578323
646,3903400,-2.8323343741793594,22.378155363707982,1.0346102941176472
647,3903500,-1.8140042212701613,22.777960664482528,1.0849314516129032
648,3903600,-1.353801759899172,23.046172487090455,1.116315705128205
649,3903700,-1.9755733882155373,22.730048919392523,1.0642335718457943
650,3903800,-2.6474402128760492,22.68490190648321,1.074225629664179
651,3903900,-1.94683021005958,23.156410294349747,1.0686982323232324
652,3904000,-2.529001077016195,23.169400533040363,1.0467000325520832
653,3904100,-1.8285565504542534,23.71480383161248,1.0523861845153157
654,3904200,-2.2139747256324407,23.279150211767398,1.040194826007326
655,3904300,-2.5861129760742188,23.008453369140625,1.053231212797619
656,3904400,-2.5499999264636672,23.354415709713855,1.0453532567771084
657,3904500,-3.0025935352296758,22.934676779840224,1.0485199718045113
658,3904600,-1.863687890660843,23.829410991835122,1.0616107384916023
659,3904700,-1.9764542177499056,23.338134765625,1.0688648343373492
660,3904800,-1.5373400996848583,23.279447841183575,1.0663491092995168
661,3904900,-1.0001527774407997,23.48776870632764,1.1073775232919254
662,3905000,-0.6032418481709725,23.565413822766246,1.1139451714801445
663,3905100,0.023402951621069697,24.12733316656404,1.1443392857142858
664,3905200,-1.1142352605270127,23.506057997881356,1.1484245762711864
665,3905300,-1.2400503427702498,23.913260732942327,1.1048694531141705
666,3905400,-1.0174828867809913,24.122870824960724,1.107486187496914
667,3905500,-0.5883340628767827,24.45232164561852,1.1627753835895274
668,3905690,-0.6419082760255109,24.211380672340113,1.1759346369740298
669,4000190,2.7362511285811033,27.29704879454381,1.1161363327028988
670,4000200,3.1891183826133145,26.984535455028333,1.219433073654391
671,4000300,4.591094700636062,27.5467424870944,1.2756058259587022
672,4000400,3.4642180041352133,28.133260018872114,0.6987698157193607
673,4000500,1.8111562100799583,27.19523561695685,0.6364017789553369
674,4000600,4.478960455818272,28.638057741941406,0.8032866708236863
675,4000700,4.784575869947409,28.06668222231917,1.0384711269689322
676,4000800,3.1917903438495223,27.912992635350317,0.8531377388535032
677,4000900,3.8124935183904864,27.910856263827434,0.9521895049778762
678,4001000,3.474340992359185,28.095219704809953,0.9171452717030242
679,4001100,3.501189350742753,27.903338729223282,0.9311244089213854
680,4001290,2.965713670842474,27.686605264551755,1.043792370083583
681,4001400,2.020028971009335,27.77826238082627,0.8989347854872881
682,4100100,-1.5364203301291568,19.192133684679334,0.6254889548693586
683,4100200,-0.11037550633787557,19.27400568181818,0.49534853620955316
684,4100300,-1.282577793961864,19.522903866525425,0.3966325847457627
685,4100400,-0.8188452712172515,17.074106002997336,0.6027280195381883
686,4100500,4.941964238961964,16.598365763237265,2.378640415549598
687,4100600,3.486659119192478,18.342922082411505,1.7967972345132743
688,4100700,4.593580471657962,19.09601403152158,1.3158091344188612
689,4100800,6.131732295509364,18.612826777099887,2.0770096700796357
690,4100900,3.663073761980062,21.173719219271554,0.7456815820479943
691,4101000,4.334920334713654,19.056160726260728,1.4480099248927039
692,4101100,4.5210622201717685,19.23784253437687,1.2831669028520694
693,4101200,4.521570199178754,18.790915635665527,1.6740963097269626
694,4101325,4.7280065811920124,19.626003275627934,1.314567372657629
695,4101326,4.42266738909874,19.31122074720381,1.3568616933310726
696,4101327,4.795431250196163,19.56969836738343,1.182861911243368
697,4200100,-3.4635687637321286,21.323694330060132,1.1363411294422225
698,4200200,-4.496235463811063,20.477384720725574,1.1873449173850574
699,4200300,-4.967424011230468,19.882801513671875,1.1462184375
700,4200400,-4.933967969526591,20.399571322067597,1.0535479622266402
701,4200500,-4.9774631730045185,20.58729762801205,1.1920054969879519
702,4200600,-3.6428166746183206,21.43751863668893,1.3425656011450382
703,4200700,-4.102617753842551,21.3347553668562,1.1414650665082284
704,4200800,-3.6275290425723514,21.696194378872743,1.1908110566064687
705,4200900,-4.073026877551822,21.276740146042712,1.121727936557789
706,4201000,-2.775633826622596,22.488592998798076,1.151764903846154
707,4201100,-2.681737318688396,22.444923975134408,1.1341935483870969
708,4201200,-3.627581704256221,21.377288956447963,1.109837669683258
709,4201300,-4.089776611328125,20.723921342329547,1.1768344460227271
710,4201400,-3.622927367232228,21.465059935591604,1.1124472805343513
711,4201500,-2.3833644597919252,22.44522319153838,1.0435118581075526
712,4201600,-3.041700414709143,21.70501708984375,1.0929194467905405
713,4201700,-1.7202824502169831,22.99686603383929,1.0545718349520163
714,4201900,-2.8923713997618794,21.62664544092466,1.1719285102739725
715,4202000,-2.083968609188355,22.23631616210435,1.1446275584314725
716,4202100,-3.641738552517361,20.71102249710648,1.182869212962963
717,4202200,-2.7145491890285327,22.02947909590127,1.0767060688405798
718,4202300,-1.4594416058179702,23.590412734168016,1.1545234003795253
719,4202400,-1.6520472300612987,23.47724882021502,1.1852806407518204
720,4202500,-1.7107755220853365,23.202826084234776,1.21961328125
721,4202600,-3.0466339111328127,22.210617065429688,1.28489853515625
722,4202700,-1.45193835250164,23.515460515577388,1.2481907631455045
723,4202890,-1.9073440271183855,23.151225611710235,1.278486229739612
724,4203000,-0.3764155927576884,24.396718161397537,1.2466332669097742
725,4203100,-0.4646167565393328,24.50847829244998,1.232902909788071
726,4203200,0.9300070880131063,25.750031451875056,1.230476348366004
727,4203300,0.5550974644590487,25.37209988934055,1.2244168906548782
728,4203400,-0.7737220234469738,23.94711576466514,1.245420225188869
729,4203500,-0.8089701586563236,23.92150125816431,1.1668205813379267
730,4203600,-0.6613684045670587,23.904359304248512,1.1522768633902263
731,4203700,-1.0785925999905408,23.532501641111157,1.1375640410329078
732,4203800,-2.702332841589096,21.45865192819149,1.1122223404255318
733,4203900,-2.089990721158455,21.807781944976995,1.207098255368098
734,4204000,-1.8526031059431745,22.42824762063493,1.0743832603523034
735,4400100,-1.896806956494025,22.82991105894287,1.2904219085706377
736,4400201,-1.917362297905816,22.59349907769097,1.277739236111111
737,4400300,-0.7231073732729312,22.672874168113427,1.2498877314814816
738,4400400,-1.0776362419128418,22.304489135742188,1.25783193359375
739,4500100,5.478910586272005,26.219510668905105,1.3282769978503584
740,4500101,5.266312720070423,25.668502879254696,1.5121634389671363
741,4500200,5.786417503879495,26.587032788420377,1.2687281678082192
742,4500300,5.392223050263434,26.250053740832673,1.2729143537452141
743,4500400,5.7739169034090905,26.742248376623376,1.1592060064935066
744,4500500,5.341806050206497,26.503987555404095,1.1324518027478514
745,4500600,7.127476981435912,27.50167254798877,1.1668459243008351
746,4500606,7.204297379454139,27.471056716560447,1.1990796031710382
747,4500700,6.266292560634328,27.050180736940302,1.1785044776119402
748,4500800,7.723418137122845,27.438312398976297,1.267617052801724
749,4500900,7.2216796875,27.34659090909091,1.243947628458498
750,4501000,7.802369277165654,27.260822330927052,1.3240503419452887
751,4501100,7.791332607131908,27.07639236803801,1.3590232562305278
752,4501200,9.020133162671902,27.695592361149917,1.3066036898750377
753,4501300,8.622376440602837,27.60513630319149,1.235824379432624
754,4501400,9.73758769132653,27.902525111607144,1.248710169057377
755,4501500,7.42203188458935,27.395805716944945,1.2050831453068593
756,4501600,6.291357920121174,26.91447903380102,1.1812789540816326
757,4600100,-5.928565989440835,21.949695675872093,0.4680027787277702
758,4600200,-6.420236702635599,23.27459087328113,0.513008642093201
759,4600300,-10.849302157473309,21.83082462188612,0.5755532918149466
760,4600400,-8.615171432495117,22.93874740600586,0.6278204345703124
761,4600590,-8.575578278207274,22.83312607848326,0.7125546339148233
762,4700100,2.8081912741420756,26.502896012931036,1.3459086538461538
763,4700200,2.829218062143477,25.958418588789684,1.3981458333333332
764,4700300,2.525810452455974,25.89410231785221,1.3524444924033148
765,4700400,2.777059276201572,25.462053979349417,1.3641186951754387
766,4700500,2.5443007035688923,25.794568980823865,1.3475551136363635
767,4700600,3.060630989074707,25.306059265136717,1.4102224609375
768,4700700,2.364316926969515,24.681034541630243,1.4318347902097903
769,4700800,2.1087478726927995,23.85800438596491,1.5030222039473684
770,4700900,1.9753768920898438,23.926083984375005,1.4501700000000002
771,4701090,2.2109540104176504,23.903733593983404,1.1995433688077661
772,4701200,1.6756795247395833,22.612339564732142,1.2440998086734694
773,4701300,2.438132023465806,23.725345335144926,1.1919320652173913
774,4701400,2.69954762560256,24.152403486535903,1.260069065824468
775,4701500,2.5876910729322606,23.819485053330837,1.390339258982036
776,4701600,3.07744119137733,25.27220375870812,1.3903508707048244
777,4701700,2.953515625,24.21459073153409,1.4879740056818183
778,4701800,3.170574951171875,24.85178426106771,1.5247954427083334
779,4701900,3.6801168001615086,25.210646409254807,1.486522986778846
780,4702000,4.069774069661749,25.674171159112152,1.4690136562908516
781,4702100,2.9142012465846996,24.407877604166668,1.5419868510928965
782,4702200,3.6726357521864332,25.189303140998295,1.4895962030716723
783,4702300,3.073054220824115,25.917914736587388,1.3700666482300885
784,4702400,3.156133075367272,25.710442167853746,1.3812565060584938
785,4702500,3.093500223823681,26.05836219117194,1.3376302296632723
786,4702600,3.0614613124302457,25.599801199776785,1.3724888392857142
787,4702700,3.374004534821012,25.55352692105877,1.4450460587686567
788,4702800,3.58098341333061,25.505808312908496,1.493038262527233
789,4702900,3.7684908084117383,26.348954833109318,1.4360689964157707
790,4703000,3.611585235595703,26.369525146484374,1.4281544921874998
791,4703100,3.857168764352037,27.014464357028753,1.3766869009584664
792,4703200,4.3768361721242295,27.466997948788382,1.4042012477035055
793,4800100,2.792233297777253,26.407230251618998,0.5228810375067457
794,4800200,2.8998623802548362,26.40974353608631,0.4872684616815476
795,4800300,2.8363461184811283,25.903342507102273,0.48622154017857144
796,4800400,4.630713929521277,26.860471282928064,0.5010293819655522
797,4800500,4.75249487664543,26.89357289386524,0.4740083416756966
798,4800600,5.728215336723254,29.02425828795644,0.7587841127482383
799,4800700,5.530996627166491,29.33189584427521,0.7365282956932773
800,4800800,5.858123075537212,28.498186091457022,1.0542337526205452
801,4800900,6.899359654017858,28.728231026785714,1.1004676785714287
802,4801000,6.587606043903374,28.307401504984664,1.207909509202454
803,4801100,6.909807477678571,28.19417216614907,1.289919254658385
804,4801200,7.697612050840979,28.414307387232416,1.26090500764526
805,4801300,7.391635113989401,28.453893114948833,1.158456140350877
806,4801400,7.431729485006892,28.85302734375,1.0599620863970587
807,4801500,8.044145771283297,28.484726317458776,1.1922293370765664
808,4801600,7.863314924568965,28.535486681707972,1.236248114224138
809,4801700,8.364068882099327,28.42837461099585,1.2679799014522821
810,4801800,8.47521635445442,28.563762517265193,1.1429986187845305
811,4801900,6.998571001441451,29.18122069842738,1.0326012590744775
812,4802000,7.173566802268881,29.606898945996278,0.9832734546930814
813,4802101,7.820644471703506,29.13718916730183,1.0096717797256098
814,4802102,7.750929832458496,29.153627395629883,0.9525509643554687
815,4802200,7.155945245150862,28.812095905172413,0.8561568965517241
816,4802300,7.686013693431723,29.489231614532645,1.010044228777084
817,4802400,6.91355602193323,28.828646642080745,0.8849194487577641
818,4802500,7.8021555860182925,29.690759258737625,0.9522998356845976
819,4802600,6.658370193229767,28.62578214902186,0.6637990985807442
820,4802700,6.659011468654725,28.336104230182926,0.6554062976371952
821,4802800,7.286836364275386,27.97698174405527,0.5289421192159383
822,4802900,7.387137075570913,28.259835111177885,0.5627396033653846
823,4803000,7.12500085363855,28.4262661166958,0.37608372486888114
824,4803100,7.011435342001749,28.247980291193183,0.3451750437062937
825,4803200,7.534674103843311,27.33584222560976,0.32782402957486134
826,4803300,7.111451195757374,28.199851161620877,0.2366826893922855
827,4803400,8.468486591533466,28.536289881993007,0.8058122502497502
828,4803500,9.071854537574351,29.04383600819301,0.8944763909028289
829,4803601,9.830689829891908,28.938184243348115,1.0746768985587583
830,4803602,10.15331602933114,29.078450520833332,1.0907987253289473
831,4803700,8.429137323943662,28.98090465872156,1.0057881229685808
832,4803800,8.632192100060898,29.235832471540736,0.9533242436793999
833,4803900,9.668628067620057,28.497831700211865,1.288051906779661
834,4804000,8.990752875610749,28.2408324002443,1.3524138843648208
835,4804100,9.427305857340494,28.178599039713543,1.4721359049479168
836,4804200,10.70964688876652,28.295038030011014,1.558341960352423
837,4804300,11.07915774597615,28.34742168295179,1.5693681106141022
838,4804400,11.31864407318811,28.609177778908794,1.4947703583061889
839,4804500,10.936701517794821,28.827855364919085,1.3098062436917957
840,4804600,11.909872046718231,29.09690552984879,1.3964264988233424
841,4804700,12.280081058357563,28.78906927777662,1.4240236038727887
842,4804800,12.242817979332662,28.77513439636041,1.3336374155910211
843,4804900,11.950032551540627,28.918085053367218,1.3253873309117592
844,4805000,11.653166533479139,28.743399331258416,1.1541661339165545
845,4805100,10.456227494855968,29.044572241512345,0.9578856738683128
846,4805200,9.54036191937166,28.954511233631024,0.8962170220253657
847,4805300,10.082308166944564,29.12645159648155,0.8991119448049089
848,4805400,9.879348394438976,28.650909664124015,0.8942212106299213
849,4805500,11.746855994435817,29.03640980848861,0.9156020962732919
850,4805600,12.643153720431858,28.973134358723957,1.0166499565972222
851,4805700,10.703726900540865,29.05998722956731,0.8537128605769231
852,4805800,9.994078480113636,28.52286931818182,0.8905163352272727
853,4805900,10.854237140278862,28.988126816239774,0.8269461600325574
854,4806000,8.691662397540984,27.59613715277778,0.7947034380692167
855,4806100,11.009480146526773,29.029446680535457,0.7302502713458755
856,4806200,10.516171617768109,29.22149319437911,0.5764430856067733
857,4806300,13.700904041485465,30.846544768147286,0.5290530980023024
858,4806400,13.57854500829646,30.067792450221244,0.6074044800884956
859,4806500,13.068089171432462,29.03033726511438,0.8509752178649237
860,4806600,13.938960419188062,29.084356043707402,0.8006624209836847
861,4806700,15.819145312469177,29.579529144079466,0.681275695448473
862,4806800,15.628247395648518,30.26965585818779,0.5864648979409561
863,4806900,14.423319472977244,29.5109212033818,0.6831209702907712
864,4903001,-2.621705090618337,24.23590751599147,0.31005159914712155
865,4905001,-5.598901978929385,17.780609339407746,0.6416353929384966
866,4911000,-1.7536548702733998,24.51597837006766,0.5598691286810524
867,4913001,-3.2361270102747377,22.66145018985928,0.334327004690641
868,4921001,-1.7335134721278866,22.58967470405589,0.33778990393945274
869,4935000,-1.6852165080894188,23.780452157732302,0.5772391584680793
870,4949000,-2.198359290438115,22.684854563156716,0.5056522216517293
871,4953001,2.5563155979786103,25.30002038455704,0.39033153822815536
872,4957000,-3.02919475212549,22.674640683220623,0.608446454278834
873,5000100,-8.198813493002946,20.558409617003367,1.1181059553872053
874,5000200,-9.724415980462357,18.86451354081424,1.2156285801963993
875,5000300,-7.629673975305499,19.336844450101832,1.217628182281059
876,5000400,-7.262587952563425,19.645778276955603,1.2309516384778012
877,5101300,1.860724424008076,25.988595150874662,1.1656943836243685
878,5104100,3.2659124831551023,25.991005661060058,1.1832324929644369
879,5110700,0.7588004210561413,24.93697098355063,1.1286049683490829
880,5151000,1.6728236809966768,23.8692086934396,1.1535255727234321
881,5151001,1.6572809794420427,24.364052106541447,1.2150964995621418
882,5151010,0.9042972880975042,22.62227355647208,1.2571971235194586
883,5151020,0.5463278589811927,21.932905581720977,1.206316318737271
884,5151040,0.47275973949925043,22.294532691420663,1.1204651752767527
885,5151080,-0.3670454758864183,22.09904275412088,1.127255151098901
886,5151084,-0.057446919954740085,23.672998046875,1.0389474759615385
887,5151085,-0.03202549149008358,22.99471267999387,1.0800798100490197
888,5151087,1.1369481100316061,24.42804042022792,1.1582040598290597
889,5151095,2.0688175402189555,24.3511962890625,1.1970634251644738
890,5151096,2.432098125589305,24.79258780643858,1.1439634967672414
891,5151097,2.7172390291060524,24.64825790229885,1.2291930675287355
892,5151100,5.466045247274399,26.69868954166931,1.2579497714686052
893,5151105,3.1110474222524154,25.54097552460749,1.165936820652174
894,5151110,-0.15925144443850545,22.619435327292898,1.0775094304733728
895,5151115,1.7123982906341553,25.379962921142578,1.1246923828125
896,5151120,2.2707954714651066,25.505263803251122,1.137201933856502
897,5151125,3.690371640078671,26.118445763221153,1.191529173951049
898,5151135,3.8865555245535712,26.242642299107146,1.2214345535714286
899,5151145,4.566996256510417,26.39041261750508,1.27027337398374
900,5151175,4.822353998819987,26.844685872395832,1.2522864583333333
901,5151186,5.0455579255756575,26.830519826788652,1.2525433799342107
902,5151187,5.318055427011174,26.831371584190737,1.2769558177421205
903,5151200,3.1076538538179324,25.826034391799542,1.1655054461408154
904,5151206,4.426407075264085,26.571414571412852,1.2495194762323942
905,5151215,3.038470793182637,25.76198892291066,1.1691205871757924
906,5151235,3.2114554511176214,25.961483425564236,1.1717654079861108
907,5151255,2.1157665252685547,26.287633260091145,1.1540591634114583
908,5151256,1.3452536771618162,25.31160190426285,1.1270900319614732
909,5155000,5.288795182510932,26.698426214545748,1.2831302699463647
910,5159300,1.4278653343229109,25.494003303331016,1.1528153830900467
911,5310100,0.03150164417384826,15.420182627255155,2.1008615979381444
912,5310200,2.3181546690676043,15.937294407894736,1.6968142014519056
913,5310300,-3.0245303912640593,18.39156561541411,0.8448310327198365
914,5310400,-3.743813066021914,18.30636809593023,0.6324063618067977
915,5310500,-1.2809377936386896,20.298592614297814,0.500379729822904
916,5310600,-0.5725878861288559,20.755313842848373,0.4213298802946593
917,5310700,1.1525219657071204,23.227011293246612,0.23520429192301545
918,5310800,-1.601662858201581,20.15034430583004,0.5671576704545455
919,5310900,-0.820648497797194,20.16363856972598,0.45863959923993375
920,5311000,1.1942320478723407,17.850146276595744,1.57531914893617
921,5311100,4.55507958998441,19.363857028570067,1.3886723871708178
922,5311200,4.177446249525556,16.827958944838056,2.192670985772357
923,5311300,4.38497737549233,16.80443809597844,2.559518449419569
924,5311400,4.640573466334029,18.166991338035995,1.3513258561506913
925,5311500,4.403042698565563,17.92787252317686,1.210598605665302
926,5311600,4.889948315594628,18.332194525371182,1.2001149805602096
927,5311700,3.756698291006671,17.185779507850025,1.5042391760035467
928,5311800,5.023088292925221,18.033101193174947,1.2106552972997713
929,5311900,3.341689466303981,15.450222988360325,2.4669966216216217
930,5400100,-1.6853930066515517,22.65862652972028,1.1050832604895104
931,5400200,-0.8682108646681329,22.7741924894958,1.2409427521008405
932,5400300,-1.8075010880180027,21.655216382897418,1.292348930027174
933,5400400,-0.6418646328691123,23.291278872282607,1.0331214673913043
934,5400500,-1.9287513633827111,20.90841112012987,1.2562175324675324
935,5400600,-0.4917863456636014,22.987932124789207,1.224379110455312
936,5400700,-0.6006202214880835,23.308229084256332,1.166059533227848
937,5400800,0.5309424767127404,24.004372785931174,1.1676678896761135
938,5400900,0.7935042161207932,23.82747896634615,1.2119466346153847
939,5401000,0.4869185416929184,23.394925025201612,1.236765120967742
940,5401100,-1.5218671003312412,20.903000239714085,1.278077580195258
941,5401200,-0.2291046237059791,21.931643648413313,1.2145863003095976
942,5401300,0.773039631459905,23.14384372755029,1.2403344109195402
943,5500100,-11.253032802795031,19.55021761526517,0.8434529679272379
944,5500104,-7.402479079742839,22.056076424842097,0.9585887219986551
945,5500200,-7.8892223722036805,20.948719630026275,0.8144047654705159
946,5500600,-11.002190024165783,19.05982272907839,0.8258740730932204
947,5500700,-9.163510931587039,21.55104918105487,0.9152738292336802
948,5500800,-7.646996577809798,22.080514341678676,0.9616648955331413
949,5500900,-8.518801653826678,22.11999737774884,0.9259501591435184
950,5501000,-7.851911956188726,21.741739111008986,0.9425556576797385
951,5501001,-7.38173577724359,21.807384672619047,0.907401098901099
952,5501300,-9.006139659348813,19.912390341305866,0.8029906952247191
953,5501301,-7.437446238463407,20.819119626376295,0.8106857189119171
954,5501400,-8.722174597002262,21.06152785633484,0.8542723416289593
955,5501401,-7.782213988733906,21.534456310354077,0.8376715396995709
956,5501500,-8.132158551897321,21.432584247891864,0.8396814856150794
957,5501501,-7.8020975748697925,21.806111653645832,0.8367837239583332
958,5501600,-10.226248076467803,20.200639204545453,0.8407265151515152
959,5501601,-9.00602269091297,21.1988787862628,0.876570819112628
960,5502400,-6.788569697627315,22.250025318287037,0.9489480324074073
961,5502500,-6.927921035914745,21.188123388197816,0.8457930066747573
962,5510000,-5.8141061106035785,22.085065287928426,0.9186743951612903
963,5520000,-6.9161529541015625,21.26199618252841,0.878773496685606
964,5530000,-5.930580913156703,22.048384072124094,0.9023665081521739
965,5540100,-5.5539031573523845,22.279177933476973,0.8864837040665435
966,5550000,-6.375166933760684,22.080526759481835,0.9367190170940171
967,5555100,-10.399956927044583,20.94770085515086,0.8452202823001157
968,5555102,-10.219776500355113,21.32393339082792,0.8611792816558442
969,5570100,-6.718952334512196,21.785859791285787,0.9026093586353886
970,5600100,-7.1627875,16.797290625,0.582913
971,5600200,-4.35502856243935,21.376040529475983,0.401915211062591
972,5600300,-4.386635976976365,18.880634932762835,0.40938961898940507
973,5600400,-5.0445950559779,19.807125498504487,0.3846274094383516
974,5600500,-6.974043396733565,18.271090390129018,0.34718116424329304
