PUMA,State,MIGPUMA
0100100,01,0100190
0100200,01,0100290
0100301,01,0100290
0100302,01,0100290
0100400,01,0100400
0100500,01,0100290
0100600,01,0100600
0100700,01,0100700
0100800,01,0100800
0100900,01,0100900
0101000,01,0101000
0101100,01,0101100
0101200,01,0101200
0101301,01,0101300
0101302,01,0101300
0101303,01,0101300
0101304,01,0101300
0101305,01,0101300
0101400,01,0100190
0101500,01,0101590
0101600,01,0101590
0101700,01,0101700
0101800,01,0101800
0101900,01,0101900
0102000,01,0102090
0102100,01,0102090
0102200,01,0102200
0102300,01,0102300
0102400,01,0102400
0102500,01,0102500
0102600,01,0102600
0102701,01,0102700
0102702,01,0102700
0102703,01,0102700
0200101,02,0200100
0200102,02,0200100
0200200,02,0200200
0200300,02,0200300
0200400,02,0200400
0400100,04,0400100
0400101,04,0400100
0400102,04,0400100
0400103,04,0400100
0400104,04,0400100
0400105,04,0400100
0400106,04,0400100
0400107,04,0400100
0400108,04,0400100
0400109,04,0400100
0400110,04,0400100
0400111,04,0400100
0400112,04,0400100
0400113,04,0400100
0400114,04,0400100
0400115,04,0400100
0400116,04,0400100
0400117,04,0400100
0400118,04,0400100
0400119,04,0400100
0400120,04,0400100
0400121,04,0400100
0400122,04,0400100
0400123,04,0400100
0400124,04,0400100
0400125,04,0400100
0400126,04,0400100
0400127,04,0400100
0400128,04,0400100
0400129,04,0400100
0400130,04,0400100
0400131,04,0400100
0400132,04,0400100
0400133,04,0400100
0400134,04,0400100
0400201,04,0400200
0400202,04,0400200
0400203,04,0400200
0400204,04,0400200
0400205,04,0400200
0400206,04,0400200
0400207,04,0400200
0400208,04,0400200
0400209,04,0400200
0400300,04,0400300
0400400,04,0400400
0400500,04,0400500
0400600,04,0400600
0400700,04,0400700
0400800,04,0400800
0400803,04,0400800
0400805,04,0400800
0400807,04,0400800
0400900,04,0400900
0500100,05,0500100
0500200,05,0500200
0500300,05,0500300
0500400,05,0500400
0500500,05,0500590
0500600,05,0500590
0500700,05,0500700
0500800,05,0500800
0500900,05,0500900
0501000,05,0500900
0501100,05,0501100
0501200,05,0501200
0501300,05,0501300
0501400,05,0501400
0501500,05,0501500
0501600,05,0501600
0501700,05,0501790
0501800,05,0501790
0501900,05,0501900
0502000,05,0502000
0600101,06,0600100
0600102,06,0600100
0600103,06,0600100
0600104,06,0600100
0600105,06,0600100
0600106,06,0600100
0600107,06,0600100
0600108,06,0600100
0600109,06,0600100
0600110,06,0600100
0600300,06,0600300
0600701,06,0600700
0600702,06,0600700
0601100,06,0601100
0601301,06,0601300
0601302,06,0601300
0601303,06,0601300
0601304,06,0601300
0601305,06,0601300
0601306,06,0601300
0601307,06,0601300
0601308,06,0601300
0601309,06,0601300
0601500,06,0601500
0601700,06,0601700
0601901,06,0601900
0601902,06,0601900
0601903,06,0601900
0601904,06,0601900
0601905,06,0601900
0601906,06,0601900
0601907,06,0601900
0602300,06,0602300
0602500,06,0602500
0602901,06,0602900
0602902,06,0602900
0602903,06,0602900
0602904,06,0602900
0602905,06,0602900
0603100,06,0603100
0603300,06,0603300
0603701,06,0603700
0603702,06,0603700
0603703,06,0603700
0603704,06,0603700
0603705,06,0603700
0603706,06,0603700
0603707,06,0603700
0603708,06,0603700
0603709,06,0603700
0603710,06,0603700
0603711,06,0603700
0603712,06,0603700
0603713,06,0603700
0603714,06,0603700
0603715,06,0603700
0603716,06,0603700
0603717,06,0603700
0603718,06,0603700
0603719,06,0603700
0603720,06,0603700
0603721,06,0603700
0603722,06,0603700
0603723,06,0603700
0603724,06,0603700
0603725,06,0603700
0603726,06,0603700
0603727,06,0603700
0603728,06,0603700
0603729,06,0603700
0603730,06,0603700
0603731,06,0603700
0603732,06,0603700
0603733,06,0603700
0603734,06,0603700
0603735,06,0603700
0603736,06,0603700
0603737,06,0603700
0603738,06,0603700
0603739,06,0603700
0603740,06,0603700
0603741,06,0603700
0603742,06,0603700
0603743,06,0603700
0603744,06,0603700
0603745,06,0603700
0603746,06,0603700
0603747,06,0603700
0603748,06,0603700
0603749,06,0603700
0603750,06,0603700
0603751,06,0603700
0603752,06,0603700
0603753,06,0603700
0603754,06,0603700
0603755,06,0603700
0603756,06,0603700
0603757,06,0603700
0603758,06,0603700
0603759,06,0603700
0603760,06,0603700
0603761,06,0603700
0603762,06,0603700
0603763,06,0603700
0603764,06,0603700
0603765,06,0603700
0603766,06,0603700
0603767,06,0603700
0603768,06,0603700
0603769,06,0603700
0603900,06,0603900
0604101,06,0604100
0604102,06,0604100
0604701,06,0604700
0604702,06,0604700
0605301,06,0605300
0605302,06,0605300
0605303,06,0605300
0605500,06,0605500
0605700,06,0605700
0605901,06,0605900
0605902,06,0605900
0605903,06,0605900
0605904,06,0605900
0605905,06,0605900
0605906,06,0605900
0605907,06,0605900
0605908,06,0605900
0605909,06,0605900
0605910,06,0605900
0605911,06,0605900
0605912,06,0605900
0605913,06,0605900
0605914,06,0605900
0605915,06,0605900
0605916,06,0605900
0605917,06,0605900
0605918,06,0605900
0606101,06,0606100
0606102,06,0606100
0606103,06,0606100
0606501,06,0606500
0606502,06,0606500
0606503,06,0606500
0606504,06,0606500
0606505,06,0606500
0606506,06,0606500
0606507,06,0606500
0606508,06,0606500
0606509,06,0606500
0606510,06,0606500
0606511,06,0606500
0606512,06,0606500
0606513,06,0606500
0606514,06,0606500
0606515,06,0606500
0606701,06,0606700
0606702,06,0606700
0606703,06,0606700
0606704,06,0606700
0606705,06,0606700
0606706,06,0606700
0606707,06,0606700
0606708,06,0606700
0606709,06,0606700
0606710,06,0606700
0606711,06,0606700
0606712,06,0606700
0607101,06,0607100
0607102,06,0607100
0607103,06,0607100
0607104,06,0607100
0607105,06,0607100
0607106,06,0607100
0607107,06,0607100
0607108,06,0607100
0607109,06,0607100
0607110,06,0607100
0607111,06,0607100
0607112,06,0607100
0607113,06,0607100
0607114,06,0607100
0607115,06,0607100
0607301,06,0607300
0607302,06,0607300
0607303,06,0607300
0607304,06,0607300
0607305,06,0607300
0607306,06,0607300
0607307,06,0607300
0607308,06,0607300
0607309,06,0607300
0607310,06,0607300
0607311,06,0607300
0607312,06,0607300
0607313,06,0607300
0607314,06,0607300
0607315,06,0607300
0607316,06,0607300
0607317,06,0607300
0607318,06,0607300
0607319,06,0607300
0607320,06,0607300
0607321,06,0607300
0607322,06,0607300
0607501,06,0607500
0607502,06,0607500
0607503,06,0607500
0607504,06,0607500
0607505,06,0607500
0607506,06,0607500
0607507,06,0607500
0607701,06,0607700
0607702,06,0607700
0607703,06,0607700
0607704,06,0607700
0607901,06,0607900
0607902,06,0607900
0608101,06,0608100
0608102,06,0608100
0608103,06,0608100
0608104,06,0608100
0608105,06,0608100
0608106,06,0608100
0608301,06,0608300
0608302,06,0608300
0608303,06,0608300
0608501,06,0608500
0608502,06,0608500
0608503,06,0608500
0608504,06,0608500
0608505,06,0608500
0608506,06,0608500
0608507,06,0608500
0608508,06,0608500
0608509,06,0608500
0608510,06,0608500
0608511,06,0608500
0608512,06,0608500
0608513,06,0608500
0608514,06,0608500
0608701,06,0608700
0608702,06,0608700
0608900,06,0608900
0609501,06,0609500
0609502,06,0609500
0609503,06,0609500
0609701,06,0609700
0609702,06,0609700
0609703,06,0609700
0609901,06,0609900
0609902,06,0609900
0609903,06,0609900
0609904,06,0609900
0610100,06,0610100
0610701,06,0610700
0610702,06,0610700
0610703,06,0610700
0611101,06,0611100
0611102,06,0611100
0611103,06,0611100
0611104,06,0611100
0611105,06,0611100
0611106,06,0611100
0611300,06,0611300
0800100,08,0800190
0800102,08,0800100
0800103,08,0800100
0800200,08,0800200
0800300,08,0800190
0800400,08,0800400
0800600,08,0800690
0800700,08,0800690
0800800,08,0800690
0800801,08,0800190
0800802,08,0800190
0800803,08,0800190
0800804,08,0800190
0800805,08,0800190
0800806,08,0800190
0800807,08,0800190
0800808,08,0800190
0800809,08,0800190
0800810,08,0800190
0800811,08,0800190
0800812,08,0800190
0800813,08,0800190
0800814,08,0800190
0800815,08,0800190
0800816,08,0800190
0800817,08,0800190
0800818,08,0800190
0800819,08,0800190
0800820,08,0800190
0800821,08,0800190
0800822,08,0800190
0800823,08,0800190
0800824,08,0800190
0800900,08,0800900
0801001,08,0801000
0801002,08,0801000
0804101,08,0804100
0804102,08,0804100
0804103,08,0804100
0804104,08,0804100
0804105,08,0804100
0804106,08,0804100
0900100,09,0900100
0900101,09,0900100
0900102,09,0900100
0900103,09,0900100
0900104,09,0900100
0900105,09,0900100
0900300,09,0900300
0900301,09,0900300
0900302,09,0900300
0900303,09,0900300
0900304,09,0900300
0900305,09,0900300
0900306,09,0900300
0900500,09,0900500
0900700,09,0900700
0900900,09,0900900
0900901,09,0900900
0900902,09,0900900
0900903,09,0900900
0900904,09,0900900
0900905,09,0900900
0900906,09,0900900
0901100,09,0901100
0901101,09,0901100
0901300,09,0901300
0901500,09,0901500
1000101,10,1000100
1000102,10,1000100
1000103,10,1000100
1000104,10,1000100
1000200,10,1000200
1000300,10,1000300
1100101,11,1100100
1100102,11,1100100
1100103,11,1100100
1100104,11,1100100
1100105,11,1100100
1200101,12,1200100
1200102,12,1200100
1200500,12,1200500
1200901,12,1200900
1200902,12,1200900
1200903,12,1200900
1200904,12,1200900
1201101,12,1201100
1201102,12,1201100
1201103,12,1201100
1201104,12,1201100
1201105,12,1201100
1201106,12,1201100
1201107,12,1201100
1201108,12,1201100
1201109,12,1201100
1201110,12,1201100
1201111,12,1201100
1201112,12,1201100
1201113,12,1201100
1201114,12,1201100
1201500,12,1201500
1201701,12,1201701
1201900,12,1201900
1202101,12,1202100
1202102,12,1202100
1202103,12,1202100
1202300,12,1202300
1202700,12,1202790
1203101,12,1203100
1203102,12,1203100
1203103,12,1203100
1203104,12,1203100
1203105,12,1203100
1203106,12,1203100
1203107,12,1203100
1203301,12,1203300
1203302,12,1203300
1203500,12,1203590
1205301,12,1205301
1205701,12,1205700
1205702,12,1205700
1205703,12,1205700
1205704,12,1205700
1205705,12,1205700
1205706,12,1205700
1205707,12,1205700
1205708,12,1205700
1206100,12,1206100
1206300,12,1206300
1206901,12,1206900
1206902,12,1206900
1206903,12,1206900
1207101,12,1207100
1207102,12,1207100
1207103,12,1207100
1207104,12,1207100
1207105,12,1207100
1207300,12,1207300
1207301,12,1207300
1208101,12,1208100
1208102,12,1208100
1208103,12,1208100
1208301,12,1208300
1208302,12,1208300
1208303,12,1208300
1208500,12,1208500
1208601,12,1208690
1208602,12,1208690
1208603,12,1208690
1208604,12,1208690
1208605,12,1208690
1208606,12,1208690
1208607,12,1208690
1208608,12,1208690
1208609,12,1208690
1208610,12,1208690
1208611,12,1208690
1208612,12,1208690
1208613,12,1208690
1208614,12,1208690
1208615,12,1208690
1208616,12,1208690
1208617,12,1208690
1208618,12,1208690
1208619,12,1208690
1208620,12,1208690
1208621,12,1208690
1208622,12,1208690
1208623,12,1208690
1208624,12,1208690
1208700,12,1208690
1208900,12,1208900
1209100,12,1209100
1209300,12,1202790
1209501,12,1209500
1209502,12,1209500
1209503,12,1209500
1209504,12,1209500
1209505,12,1209500
1209506,12,1209500
1209507,12,1209500
1209508,12,1209500
1209509,12,1209500
1209510,12,1209500
1209701,12,1209700
1209702,12,1209700
1209901,12,1209900
1209902,12,1209900
1209903,12,1209900
1209904,12,1209900
1209905,12,1209900
1209906,12,1209900
1209907,12,1209900
1209908,12,1209900
1209909,12,1209900
1209910,12,1209900
1209911,12,1209900
1210101,12,1210100
1210102,12,1210100
1210103,12,1210100
1210104,12,1210100
1210301,12,1210300
1210302,12,1210300
1210303,12,1210300
1210304,12,1210300
1210305,12,1210300
1210306,12,1210300
1210307,12,1210300
1210308,12,1210300
1210501,12,1210500
1210502,12,1210500
1210503,12,1210500
1210504,12,1210500
1210700,12,1210790
1210900,12,1210790
1211101,12,1211100
1211102,12,1211100
1211300,12,1211300
1211501,12,1211500
1211502,12,1211500
1211503,12,1211500
1211701,12,1211700
1211702,12,1211700
1211703,12,1211700
1211704,12,1211700
1212100,12,1212100
1212701,12,1203590
1212702,12,1203590
1212703,12,1203590
1212704,12,1203590
1300100,13,1300100
1300200,13,1300200
1300300,13,1300300
1300401,13,1300400
1300402,13,1300400
1300500,13,1300500
1300600,13,1300600
1300700,13,1300700
1300800,13,1300800
1300900,13,1300900
1301001,13,1301090
1301002,13,1301090
1301003,13,1301090
1301004,13,1301090
1301005,13,1301090
1301006,13,1301090
1301007,13,1301090
1301008,13,1301090
1301100,13,1301100
1301200,13,1301200
1301300,13,1301300
1301400,13,1301400
1301500,13,1301500
1301600,13,1301600
1301700,13,1301700
1301800,13,1301800
1301900,13,1301900
1302001,13,1301090
1302002,13,1301090
1302003,13,1301090
1302004,13,1301090
1302100,13,1302100
1302200,13,1302200
1302300,13,1302300
1302400,13,1302400
1302500,13,1302500
1302600,13,1302600
1302700,13,1302700
1302800,13,1302800
1302900,13,1302900
1303001,13,1303000
1303002,13,1303000
1303003,13,1303000
1303004,13,1303000
1303005,13,1303000
1303101,13,1303100
1303102,13,1303100
1303200,13,1303200
1303300,13,1303300
1303400,13,1303400
1303500,13,1303500
1303600,13,1303600
1303700,13,1303700
1303800,13,1303800
1303900,13,1303900
1304000,13,1304000
1304001,13,1304007
1304002,13,1304007
1304003,13,1304007
1304004,13,1304007
1304005,13,1304007
1304006,13,1304007
1304100,13,1304100
1304200,13,1304200
1304300,13,1304300
1304400,13,1304400
1304500,13,1304500
1304600,13,1301090
1305001,13,1305000
1305002,13,1305000
1306001,13,1306000
1306002,13,1306000
1500100,15,1500100
1500200,15,1500200
1500301,15,1500300
1500302,15,1500300
1500303,15,1500300
1500304,15,1500300
1500305,15,1500300
1500306,15,1500300
1500307,15,1500300
1500308,15,1500300
1600100,16,1600190
1600200,16,1600190
1600300,16,1600300
1600400,16,1600490
1600500,16,1600490
1600600,16,1600490
1600701,16,1600490
1600702,16,1600490
1600800,16,1600490
1600900,16,1600900
1601000,16,1601000
1601100,16,1601190
1601200,16,1601200
1601300,16,1601190
1700104,17,1700104
1700105,17,1700105
1700202,17,1700202
1700300,17,1700300
1700401,17,1700401
1700501,17,1700501
1700600,17,1700600
1700700,17,1700700
1700800,17,1700800
1700900,17,1700900
1701001,17,1701001
1701104,17,1701100
1701105,17,1701100
1701204,17,1701200
1701205,17,1701200
1701300,17,1701300
1701500,17,1701500
1701602,17,1701602
1701701,17,1701701
1701900,17,1701900
1702000,17,1702000
1702100,17,1702100
1702200,17,1702200
1702300,17,1702300
1702400,17,1702400
1702501,17,1702501
1702601,17,1702601
1702700,17,1702700
1702801,17,1702890
1702901,17,1702890
1703005,17,1703000
1703007,17,1703000
1703008,17,1703000
1703009,17,1703000
1703102,17,1703100
1703105,17,1703100
1703106,17,1703100
1703107,17,1703100
1703108,17,1703100
1703202,17,1703200
1703203,17,1703200
1703204,17,1703200
1703205,17,1703200
1703207,17,1703200
1703208,17,1703200
1703209,17,1703200
1703306,17,1703300
1703307,17,1703300
1703308,17,1703300
1703309,17,1703300
1703310,17,1703300
1703401,17,1703400
1703407,17,1703400
1703408,17,1703400
1703409,17,1703400
1703410,17,1703400
1703411,17,1703400
1703412,17,1703400
1703413,17,1703400
1703414,17,1703400
1703415,17,1703400
1703416,17,1703400
1703417,17,1703400
1703418,17,1703400
1703419,17,1703400
1703420,17,1703400
1703421,17,1703400
1703422,17,1703400
1703501,17,1703400
1703502,17,1703400
1703503,17,1703400
1703504,17,1703400
1703520,17,1703400
1703521,17,1703400
1703522,17,1703400
1703523,17,1703400
1703524,17,1703400
1703525,17,1703400
1703526,17,1703400
1703527,17,1703400
1703528,17,1703400
1703529,17,1703400
1703530,17,1703400
1703531,17,1703400
1703532,17,1703400
1703601,17,1703600
1703602,17,1703600
1703700,17,1703700
1800101,18,1800100
1800102,18,1800100
1800103,18,1800100
1800104,18,1800100
1800200,18,1800200
1800300,18,1800300
1800401,18,1800400
1800402,18,1800400
1800500,18,1800500
1800600,18,1800600
1800700,18,1800700
1800800,18,1800800
1800900,18,1800900
1801001,18,1801000
1801002,18,1801000
1801003,18,1801000
1801100,18,1801100
1801200,18,1801200
1801300,18,1801300
1801400,18,1801400
1801500,18,1801500
1801600,18,1801600
1801700,18,1801700
1801801,18,1801800
1801802,18,1801800
1801803,18,1801800
1801900,18,1801900
1802000,18,1802000
1802100,18,1802100
1802200,18,1802200
1802301,18,1802300
1802302,18,1802300
1802303,18,1802300
1802304,18,1802300
1802305,18,1802300
1802306,18,1802300
1802307,18,1802300
1802400,18,1802400
1802500,18,1802500
1802600,18,1802600
1802700,18,1802700
1802800,18,1802800
1802900,18,1802900
1803000,18,1803000
1803100,18,1803100
1803200,18,1803200
1803300,18,1803300
1803400,18,1803400
1803500,18,1803500
1803600,18,1803600
1900100,19,1900100
1900200,19,1900200
1900400,19,1900400
1900500,19,1900500
1900600,19,1900600
1900700,19,1900700
1900800,19,1900800
1900900,19,1900900
1901000,19,1901000
1901100,19,1901100
1901200,19,1901200
1901300,19,1901300
1901400,19,1901490
1901500,19,1901490
1901600,19,1901490
1901700,19,1901490
1901800,19,1901800
1901900,19,1901900
1902000,19,1902000
1902100,19,1902100
1902200,19,1902200
1902300,19,1902300
2000100,20,2000100
2000200,20,2000200
2000300,20,2000300
2000400,20,2000400
2000500,20,2000500
2000601,20,2000600
2000602,20,2000600
2000603,20,2000600
2000604,20,2000600
2000700,20,2000700
2000801,20,2000800
2000802,20,2000800
2000900,20,2000990
2001000,20,2001000
2001100,20,2000990
2001200,20,2001200
2001301,20,2001300
2001302,20,2001300
2001303,20,2001300
2001304,20,2001300
2001400,20,2001400
2001500,20,2001500
2100100,21,2100100
2100200,21,2100200
2100300,21,2100300
2100400,21,2100400
2100500,21,2100500
2100600,21,2100600
2100700,21,2100700
2100800,21,2100800
2100900,21,2100900
2101000,21,2101000
2101100,21,2101100
2101200,21,2101290
2101300,21,2101290
2101400,21,2101400
2101500,21,2101500
2101600,21,2101690
2101701,21,2101700
2101702,21,2101700
2101703,21,2101700
2101704,21,2101700
2101705,21,2101700
2101706,21,2101700
2101800,21,2101690
2101901,21,2101900
2101902,21,2101900
2102000,21,2102000
2102100,21,2102100
2102200,21,2102200
2102300,21,2102300
2102400,21,2102400
2102500,21,2102500
2102600,21,2102600
2102700,21,2102700
2102800,21,2102800
2200100,22,2200100
2200101,22,2200100
2200200,22,2200200
2200300,22,2200300
2200400,22,2200400
2200500,22,2200500
2200600,22,2200600
2200700,22,2200700
2200800,22,2200890
2200900,22,2200890
2201000,22,2201000
2201100,22,2201100
2201200,22,2201200
2201201,22,2201200
2201300,22,2201300
2201400,22,2201400
2201500,22,2201500
2201501,22,2201500
2201502,22,2201500
2201600,22,2201600
2201700,22,2201700
2201800,22,2201800
2201900,22,2201900
2202000,22,2202000
2202100,22,2202100
2202200,22,2202200
2202201,22,2202200
2202300,22,2202390
2202301,22,2202390
2202302,22,2202390
2202400,22,2202400
2202401,22,2202400
2202402,22,2202400
2202500,22,2202390
2300100,23,2300100
2300200,23,2300200
2300300,23,2300300
2300400,23,2300400
2300500,23,2300500
2300600,23,2300600
2300700,23,2300790
2300800,23,2300790
2300900,23,2300790
2301000,23,2300790
2400100,24,2400100
2400200,24,2400200
2400301,24,2400300
2400302,24,2400300
2400400,24,2400400
2400501,24,2400500
2400502,24,2400500
2400503,24,2400500
2400504,24,2400500
2400505,24,2400500
2400506,24,2400500
2400507,24,2400500
2400601,24,2400600
2400602,24,2400600
2400700,24,2400700
2400801,24,2400800
2400802,24,2400800
2400803,24,2400800
2400804,24,2400800
2400805,24,2400800
2400901,24,2400900
2400902,24,2400900
2401001,24,2401000
2401002,24,2401000
2401003,24,2401000
2401004,24,2401000
2401005,24,2401000
2401006,24,2401000
2401007,24,2401000
2401101,24,2401100
2401102,24,2401100
2401103,24,2401100
2401104,24,2401100
2401105,24,2401100
2401106,24,2401100
2401107,24,2401100
2401201,24,2401200
2401202,24,2401200
2401203,24,2401200
2401204,24,2401200
2401300,24,2401300
2401400,24,2401400
2401500,24,2401500
2401600,24,2401600
2500100,25,2500100
2500200,25,2500290
2500300,25,2500390
2500301,25,2500390
2500302,25,2500390
2500303,25,2500390
2500304,25,2500390
2500400,25,2500390
2500501,25,2500390
2500502,25,2500390
2500503,25,2500390
2500504,25,2500390
2500505,25,2500390
2500506,25,2500390
2500507,25,2500390
2500508,25,2500390
2500701,25,2500390
2500702,25,2500390
2500703,25,2500390
2500704,25,2500390
2501000,25,2500390
2501300,25,2500390
2501400,25,2500390
2501600,25,2500290
2501900,25,2500290
2501901,25,2500290
2501902,25,2500290
2502400,25,2500390
2502800,25,2500390
2503301,25,2503300
2503302,25,2503300
2503303,25,2503300
2503304,25,2503300
2503305,25,2503300
2503306,25,2503300
2503400,25,2500390
2503500,25,2500390
2503601,25,2500390
2503602,25,2500390
2503603,25,2500390
2503900,25,2500390
2504000,25,2500390
2504200,25,2500390
2504301,25,2500390
2504302,25,2500390
2504303,25,2500390
2504500,25,2500390
2504700,25,2504790
2504800,25,2504790
2504901,25,2500390
2504902,25,2500390
2504903,25,2500390
2600100,26,2600100
2600200,26,2600200
2600300,26,2600300
2600400,26,2600400
2600500,26,2600500
2600600,26,2600600
2600700,26,2600700
2600801,26,2600800
2600802,26,2600800
2600900,26,2600900
2601001,26,2601000
2601002,26,2601000
2601003,26,2601000
2601004,26,2601000
2601100,26,2601100
2601200,26,2601200
2601300,26,2601300
2601400,26,2601400
2601500,26,2601500
2601600,26,2601600
2601701,26,2601700
2601702,26,2601700
2601703,26,2601700
2601704,26,2601700
2601801,26,2601800
2601802,26,2601800
2601900,26,2601900
2602000,26,2602000
2602101,26,2602100
2602102,26,2602100
2602200,26,2602200
2602300,26,2602300
2602400,26,2602400
2602500,26,2602500
2602600,26,2602600
2602701,26,2602700
2602702,26,2602700
2602703,26,2602700
2602800,26,2602800
2602901,26,2602900
2602902,26,2602900
2602903,26,2602900
2602904,26,2602900
2602905,26,2602900
2602906,26,2602900
2602907,26,2602900
2602908,26,2602900
2603001,26,2603000
2603002,26,2603000
2603003,26,2603000
2603004,26,2603000
2603005,26,2603000
2603006,26,2603000
2603100,26,2603100
2603201,26,2603200
2603202,26,2603200
2603203,26,2603200
2603204,26,2603200
2603205,26,2603200
2603206,26,2603200
2603207,26,2603200
2603208,26,2603200
2603209,26,2603200
2603210,26,2603200
2603211,26,2603200
2603212,26,2603200
2603213,26,2603200
2603300,26,2603300
2700100,27,2700100
2700200,27,2700200
2700300,27,2700390
2700400,27,2700390
2700500,27,2700390
2700600,27,2700600
2700700,27,2700700
2700800,27,2700800
2700900,27,2700900
2701000,27,2701000
2701101,27,2701100
2701102,27,2701100
2701103,27,2701100
2701201,27,2701200
2701202,27,2701200
2701301,27,2701300
2701302,27,2701300
2701303,27,2701300
2701304,27,2701300
2701401,27,2701400
2701402,27,2701400
2701403,27,2701400
2701404,27,2701400
2701405,27,2701400
2701406,27,2701400
2701407,27,2701400
2701408,27,2701400
2701409,27,2701400
2701410,27,2701400
2701501,27,2701500
2701502,27,2701500
2701503,27,2701500
2701600,27,2701690
2701700,27,2701690
2701800,27,2701800
2701900,27,2701900
2702000,27,2702000
2702100,27,2702100
2702200,27,2702200
2702300,27,2702300
2702400,27,2702400
2702500,27,2702500
2702600,27,2702600
2800100,28,2800100
2800200,28,2800200
2800300,28,2800300
2800400,28,2800400
2800500,28,2800500
2800600,28,2800600
2800700,28,2800700
2800800,28,2800800
2800900,28,2800990
2801000,28,2800990
2801100,28,2800990
2801200,28,2800990
2801300,28,2801300
2801400,28,2801400
2801500,28,2801500
2801600,28,2801600
2801700,28,2801700
2801800,28,2801800
2801900,28,2801900
2802000,28,2802000
2802100,28,2802100
2900100,29,2900100
2900200,29,2900200
2900300,29,2900300
2900400,29,2900400
2900500,29,2900500
2900600,29,2900600
2900700,29,2900700
2900800,29,2900800
2900901,29,2900900
2900902,29,2900900
2900903,29,2900900
2901001,29,2901000
2901002,29,2901000
2901003,29,2901000
2901004,29,2901000
2901005,29,2901000
2901100,29,2901100
2901200,29,2901200
2901300,29,2901300
2901400,29,2901400
2901500,29,2901500
2901600,29,2901600
2901701,29,2901700
2901702,29,2901700
2901703,29,2901700
2901801,29,2901800
2901802,29,2901800
2901803,29,2901800
2901804,29,2901800
2901805,29,2901800
2901806,29,2901800
2901807,29,2901800
2901808,29,2901800
2901901,29,2901900
2901902,29,2901900
2902001,29,2902000
2902002,29,2902000
2902100,29,2902100
2902200,29,2902200
2902300,29,2902300
2902400,29,2902400
2902500,29,2902500
2902601,29,2902600
2902602,29,2902600
2902603,29,2902600
2902700,29,2902700
2902800,29,2902800
3000100,30,3000100
3000200,30,3000200
3000300,30,3000300
3000400,30,3000400
3000500,30,3000500
3000600,30,3000690
3000700,30,3000690
3100100,31,3100100
3100200,31,3100200
3100300,31,3100300
3100400,31,3100400
3100500,31,3100500
3100600,31,3100600
3100701,31,3100701
3100702,31,3100702
3100801,31,3100800
3100802,31,3100800
3100901,31,3100900
3100902,31,3100900
3100903,31,3100900
3100904,31,3100900
3200101,32,3200100
3200102,32,3200100
3200103,32,3200100
3200200,32,3200200
3200300,32,3200300
3200401,32,3200400
3200402,32,3200400
3200403,32,3200400
3200404,32,3200400
3200405,32,3200400
3200406,32,3200400
3200407,32,3200400
3200408,32,3200400
3200409,32,3200400
3200410,32,3200400
3200411,32,3200400
3200412,32,3200400
3200413,32,3200400
3300100,33,3300100
3300200,33,3300290
3300300,33,3300290
3300400,33,3300290
3300500,33,3300500
3300600,33,3300290
3300700,33,3300290
3300800,33,3300290
3300900,33,3300290
3301000,33,3300290
3400101,34,3400190
3400102,34,3400190
3400301,34,3400300
3400302,34,3400300
3400303,34,3400300
3400304,34,3400300
3400305,34,3400300
3400306,34,3400300
3400307,34,3400300
3400308,34,3400300
3400400,34,3400400
3400501,34,3400400
3400502,34,3400400
3400503,34,3400400
3400601,34,3400600
3400602,34,3400600
3400701,34,3400600
3400702,34,3400600
3400703,34,3400600
3400800,34,3400800
3400901,34,3400900
3400902,34,3400900
3400903,34,3400900
3400904,34,3400900
3400905,34,3400900
3400906,34,3400900
3400907,34,3400900
3401001,34,3401000
3401002,34,3401000
3401003,34,3401000
3401101,34,3401100
3401102,34,3401100
3401103,34,3401100
3401104,34,3401100
3401105,34,3401100
3401106,34,3401100
3401201,34,3401200
3401202,34,3401200
3401203,34,3401200
3401204,34,3401200
3401205,34,3401200
3401301,34,3401300
3401302,34,3401300
3401401,34,3401300
3401402,34,3401300
3401403,34,3401300
3401404,34,3401300
3401501,34,3401500
3401502,34,3401500
3401503,34,3401500
3401504,34,3401500
3401600,34,3401600
3401700,34,3401700
3401800,34,3401800
3401901,34,3401800
3401902,34,3401800
3401903,34,3401800
3401904,34,3401800
3402001,34,3402000
3402002,34,3402000
3402003,34,3402000
3402101,34,3402100
3402102,34,3402100
3402103,34,3402100
3402104,34,3402100
3402201,34,3402200
3402202,34,3402200
3402301,34,3402300
3402302,34,3402300
3402303,34,3402300
3402400,34,3402490
3402500,34,3402490
3402600,34,3400190
3500100,35,3500190
3500200,35,3500190
3500300,35,3500300
3500400,35,3500400
3500500,35,3500500
3500600,35,3500600
3500700,35,3500790
3500801,35,3500790
3500802,35,3500790
3500803,35,3500790
3500804,35,3500790
3500805,35,3500790
3500806,35,3500790
3500900,35,3500900
3501001,35,3501000
3501002,35,3501000
3501100,35,3501100
3501200,35,3501200
3600100,36,3600100
3600200,36,3600200
3600300,36,3600300
3600401,36,3600400
3600402,36,3600400
3600403,36,3600400
3600500,36,3600500
3600600,36,3600600
3600701,36,3600700
3600702,36,3600700
3600703,36,3600700
3600704,36,3600700
3600800,36,3600800
3600901,36,3600900
3600902,36,3600900
3600903,36,3600900
3600904,36,3600900
3600905,36,3600900
3600906,36,3600900
3601000,36,3601000
3601101,36,3601100
3601102,36,3601100
3601201,36,3601200
3601202,36,3601200
3601203,36,3601200
3601204,36,3601200
3601205,36,3601200
3601206,36,3601200
3601207,36,3601200
3601300,36,3601300
3601400,36,3601400
3601500,36,3601500
3601600,36,3601600
3601700,36,3601700
3601801,36,3601800
3601802,36,3601800
3601900,36,3601900
3602001,36,3602000
3602002,36,3602000
3602100,36,3602100
3602201,36,3602200
3602202,36,3602200
3602203,36,3602200
3602300,36,3602300
3602401,36,3602400
3602402,36,3602400
3602500,36,3602500
3602600,36,3602600
3602701,36,3602700
3602702,36,3602700
3602801,36,3602800
3602802,36,3602800
3602901,36,3602900
3602902,36,3602900
3602903,36,3602900
3603001,36,3603000
3603002,36,3603000
3603003,36,3603000
3603101,36,3603100
3603102,36,3603100
3603103,36,3603100
3603104,36,3603100
3603105,36,3603100
3603106,36,3603100
3603107,36,3603100
3603201,36,3603200
3603202,36,3603200
3603203,36,3603200
3603204,36,3603200
3603205,36,3603200
3603206,36,3603200
3603207,36,3603200
3603208,36,3603200
3603209,36,3603200
3603210,36,3603200
3603211,36,3603200
3603212,36,3603200
3603301,36,3603300
3603302,36,3603300
3603303,36,3603300
3603304,36,3603300
3603305,36,3603300
3603306,36,3603300
3603307,36,3603300
3603308,36,3603300
3603309,36,3603300
3603310,36,3603300
3603311,36,3603300
3603312,36,3603300
3603313,36,3603300
3603701,36,3603700
3603702,36,3603700
3603703,36,3603700
3603704,36,3603700
3603705,36,3603700
3603706,36,3603700
3603707,36,3603700
3603708,36,3603700
3603709,36,3603700
3603710,36,3603700
3603801,36,3603800
3603802,36,3603800
3603803,36,3603800
3603804,36,3603800
3603805,36,3603800
3603806,36,3603800
3603807,36,3603800
3603808,36,3603800
3603809,36,3603800
3603810,36,3603800
3603901,36,3603900
3603902,36,3603900
3603903,36,3603900
3604001,36,3604000
3604002,36,3604000
3604003,36,3604000
3604004,36,3604000
3604005,36,3604000
3604006,36,3604000
3604007,36,3604000
3604008,36,3604000
3604009,36,3604000
3604010,36,3604000
3604011,36,3604000
3604012,36,3604000
3604013,36,3604000
3604014,36,3604000
3604015,36,3604000
3604016,36,3604000
3604017,36,3604000
3604018,36,3604000
3604101,36,3604100
3604102,36,3604100
3604103,36,3604100
3604104,36,3604100
3604105,36,3604100
3604106,36,3604100
3604107,36,3604100
3604108,36,3604100
3604109,36,3604100
3604110,36,3604100
3604111,36,3604100
3604112,36,3604100
3604113,36,3604100
3604114,36,3604100
3700100,37,3700100
3700200,37,3700200
3700300,37,3700300
3700400,37,3700400
3700500,37,3700590
3700600,37,3700590
3700700,37,3700700
3700800,37,3700800
3700900,37,3700900
3701000,37,3701000
3701100,37,3701100
3701201,37,3701200
3701202,37,3701200
3701203,37,3701200
3701204,37,3701200
3701205,37,3701200
3701206,37,3701200
3701207,37,3701200
3701208,37,3701200
3701301,37,3701300
3701302,37,3701300
3701400,37,3701400
3701500,37,3701500
3701600,37,3701600
3701701,37,3701700
3701702,37,3701700
3701703,37,3701700
3701704,37,3701700
3701801,37,3701800
3701802,37,3701800
3701803,37,3701800
3701900,37,3701990
3702000,37,3702000
3702100,37,3702100
3702201,37,3702200
3702202,37,3702200
3702300,37,3702390
3702400,37,3702390
3702500,37,3702500
3702600,37,3702690
3702700,37,3702690
3702800,37,3702800
3702900,37,3701990
3703001,37,3703000
3703002,37,3703000
3703101,37,3703100
3703102,37,3703100
3703103,37,3703100
3703104,37,3703100
3703105,37,3703100
3703106,37,3703100
3703107,37,3703100
3703108,37,3703100
3703200,37,3703290
3703300,37,3703290
3703400,37,3703400
3703500,37,3703500
3703600,37,3703600
3703700,37,3703700
3703800,37,3703800
3703900,37,3703900
3704000,37,3704000
3704100,37,3704190
3704200,37,3704200
3704300,37,3704300
3704400,37,3704400
3704500,37,3704190
3704600,37,3704690
3704700,37,3704690
3704800,37,3704800
3704900,37,3704990
3705001,37,3705000
3705002,37,3705000
3705003,37,3705000
3705100,37,3704990
3705200,37,3705200
3705300,37,3705390
3705400,37,3705390
3800100,38,3800100
3800200,38,3800200
3800300,38,3800300
3800400,38,3800400
3800500,38,3800500
3900100,39,3900100
3900200,39,3900290
3900300,39,3900290
3900400,39,3900290
3900500,39,3900290
3900600,39,3900290
3900700,39,3900700
3900801,39,3900800
3900802,39,3900800
3900901,39,3900900
3900902,39,3900900
3900903,39,3900900
3900904,39,3900900
3900905,39,3900900
3900906,39,3900900
3900907,39,3900900
3900908,39,3900900
3900909,39,3900900
3900910,39,3900900
3901000,39,3901090
3901100,39,3901090
3901200,39,3901090
3901300,39,3901300
3901400,39,3901490
3901500,39,3901490
3901600,39,3901490
3901700,39,3901700
3901801,39,3901800
3901802,39,3901800
3901803,39,3901800
3901804,39,3901800
3901805,39,3901800
3901900,39,3901900
3902000,39,3902000
3902100,39,3902100
3902200,39,3902200
3902300,39,3902300
3902400,39,3902400
3902500,39,3902500
3902600,39,3902600
3902700,39,3902700
3902800,39,3902800
3902900,39,3902900
3903000,39,3903000
3903100,39,3903190
3903200,39,3903190
3903300,39,3903190
3903400,39,3903400
3903500,39,3903500
3903600,39,3903600
3903700,39,3903700
3903800,39,3903800
3903900,39,3903900
3904000,39,3904000
3904101,39,3904100
3904102,39,3904100
3904103,39,3904100
3904104,39,3904100
3904105,39,3904100
3904106,39,3904100
3904107,39,3904100
3904108,39,3904100
3904109,39,3904100
3904110,39,3904100
3904111,39,3904100
3904200,39,3904200
3904300,39,3904300
3904400,39,3904400
3904500,39,3904500
3904601,39,3904600
3904602,39,3904600
3904603,39,3904600
3904604,39,3904600
3904700,39,3904700
3904800,39,3904800
3904900,39,3904900
3905000,39,3905000
3905100,39,3905100
3905200,39,3905200
3905301,39,3905300
3905302,39,3905300
3905401,39,3905400
3905402,39,3905400
3905403,39,3905400
3905501,39,3905500
3905502,39,3905500
3905503,39,3905500
3905504,39,3905500
3905505,39,3905500
3905506,39,3905500
3905507,39,3905500
3905600,39,3905690
3905700,39,3905690
4000100,40,4000190
4000200,40,4000200
4000300,40,4000300
4000400,40,4000400
4000500,40,4000500
4000601,40,4000600
4000602,40,4000600
4000701,40,4000700
4000702,40,4000700
4000800,40,4000800
4000900,40,4000900
4001001,40,4001000
4001002,40,4001000
4001003,40,4001000
4001004,40,4001000
4001005,40,4001000
4001006,40,4001000
4001101,40,4001100
4001102,40,4001100
4001201,40,4001290
4001202,40,4001290
4001203,40,4001290
4001204,40,4001290
4001301,40,4000190
4001302,40,4000190
4001400,40,4001400
4001501,40,4001290
4001601,40,4001290
4100100,41,4100100
4100200,41,4100200
4100300,41,4100300
4100400,41,4100400
4100500,41,4100500
4100600,41,4100600
4100703,41,4100700
4100704,41,4100700
4100705,41,4100700
4100800,41,4100800
4100901,41,4100900
4100902,41,4100900
4101000,41,4101000
4101103,41,4101100
4101104,41,4101100
4101105,41,4101100
4101200,41,4101200
4101301,41,4101325
4101302,41,4101325
4101303,41,4101325
4101305,41,4101325
4101314,41,4101325
4101316,41,4101325
4101317,41,4101326
4101318,41,4101326
4101319,41,4101326
4101320,41,4101327
4101321,41,4101327
4101322,41,4101327
4101323,41,4101327
4101324,41,4101327
4200101,42,4200100
4200102,42,4200100
4200200,42,4200200
4200300,42,4200300
4200400,42,4200400
4200500,42,4200500
4200600,42,4200600
4200701,42,4200700
4200702,42,4200700
4200801,42,4200800
4200802,42,4200800
4200803,42,4200800
4200900,42,4200900
4201000,42,4201000
4201100,42,4201100
4201200,42,4201200
4201300,42,4201300
4201400,42,4201400
4201501,42,4201500
4201502,42,4201500
4201600,42,4201600
4201701,42,4201700
4201702,42,4201700
4201801,42,4201700
4201802,42,4201700
4201803,42,4201700
4201804,42,4201700
4201805,42,4201700
4201806,42,4201700
4201807,42,4201700
4201900,42,4201900
4202001,42,4202000
4202002,42,4202000
4202003,42,4202000
4202100,42,4202100
4202200,42,4202200
4202301,42,4202300
4202302,42,4202300
4202401,42,4202400
4202402,42,4202400
4202500,42,4202500
4202600,42,4202600
4202701,42,4202700
4202702,42,4202700
4202703,42,4202700
4202801,42,4202890
4202802,42,4202890
4202803,42,4202890
4202901,42,4202890
4202902,42,4202890
4203001,42,4203000
4203002,42,4203000
4203003,42,4203000
4203004,42,4203000
4203101,42,4203100
4203102,42,4203100
4203103,42,4203100
4203104,42,4203100
4203105,42,4203100
4203106,42,4203100
4203201,42,4203200
4203202,42,4203200
4203203,42,4203200
4203204,42,4203200
4203205,42,4203200
4203206,42,4203200
4203207,42,4203200
4203208,42,4203200
4203209,42,4203200
4203210,42,4203200
4203211,42,4203200
4203301,42,4203300
4203302,42,4203300
4203303,42,4203300
4203304,42,4203300
4203401,42,4203400
4203402,42,4203400
4203403,42,4203400
4203404,42,4203400
4203501,42,4203500
4203502,42,4203500
4203503,42,4203500
4203504,42,4203500
4203601,42,4203600
4203602,42,4203600
4203603,42,4203600
4203701,42,4203700
4203702,42,4203700
4203800,42,4203800
4203900,42,4203900
4204001,42,4204000
4204002,42,4204000
4400101,44,4400100
4400102,44,4400100
4400103,44,4400100
4400104,44,4400100
4400201,44,4400201
4400300,44,4400300
4400400,44,4400400
4500101,45,4500101
4500102,45,4500100
4500103,45,4500100
4500104,45,4500100
4500105,45,4500100
4500200,45,4500200
4500301,45,4500300
4500302,45,4500300
4500400,45,4500400
4500501,45,4500500
4500502,45,4500500
4500601,45,4500606
4500602,45,4500606
4500603,45,4500600
4500604,45,4500600
4500605,45,4500600
4500700,45,4500700
4500800,45,4500800
4500900,45,4500900
4501000,45,4501000
4501101,45,4501100
4501102,45,4501100
4501201,45,4501200
4501202,45,4501200
4501203,45,4501200
4501204,45,4501200
4501300,45,4501300
4501400,45,4501400
4501500,45,4501500
4501600,45,4501600
4600100,46,4600100
4600200,46,4600200
4600300,46,4600300
4600400,46,4600400
4600500,46,4600590
4600600,46,4600590
4700100,47,4700100
4700200,47,4700200
4700300,47,4700300
4700400,47,4700400
4700500,47,4700500
4700600,47,4700600
4700700,47,4700700
4700800,47,4700800
4700900,47,4700900
4701000,47,4701090
4701100,47,4701090
4701200,47,4701200
4701300,47,4701300
4701400,47,4701400
4701500,47,4701500
4701601,47,4701600
4701602,47,4701600
4701603,47,4701600
4701604,47,4701600
4701700,47,4701700
4701800,47,4701800
4701900,47,4701900
4702001,47,4702000
4702002,47,4702000
4702003,47,4702000
4702100,47,4702100
4702200,47,4702200
4702300,47,4702300
4702401,47,4702400
4702402,47,4702400
4702501,47,4702500
4702502,47,4702500
4702503,47,4702500
4702504,47,4702500
4702505,47,4702500
4702600,47,4702600
4702700,47,4702700
4702800,47,4702800
4702900,47,4702900
4703000,47,4703000
4703100,47,4703100
4703201,47,4703200
4703202,47,4703200
4703203,47,4703200
4703204,47,4703200
4703205,47,4703200
4703206,47,4703200
4703207,47,4703200
4703208,47,4703200
4800100,48,4800100
4800200,48,4800200
4800300,48,4800300
4800400,48,4800400
4800501,48,4800500
4800502,48,4800500
4800600,48,4800600
4800700,48,4800700
4800800,48,4800800
4800900,48,4800900
4801000,48,4801000
4801100,48,4801100
4801200,48,4801200
4801300,48,4801300
4801400,48,4801400
4801501,48,4801500
4801502,48,4801500
4801600,48,4801600
4801700,48,4801700
4801800,48,4801800
4801901,48,4801900
4801902,48,4801900
4801903,48,4801900
4801904,48,4801900
4801905,48,4801900
4801906,48,4801900
4801907,48,4801900
4802001,48,4802000
4802002,48,4802000
4802003,48,4802000
4802004,48,4802000
4802005,48,4802000
4802006,48,4802000
4802101,48,4802101
4802102,48,4802102
4802200,48,4802200
4802301,48,4802300
4802302,48,4802300
4802303,48,4802300
4802304,48,4802300
4802305,48,4802300
4802306,48,4802300
4802307,48,4802300
4802308,48,4802300
4802309,48,4802300
4802310,48,4802300
4802311,48,4802300
4802312,48,4802300
4802313,48,4802300
4802314,48,4802300
4802315,48,4802300
4802316,48,4802300
4802317,48,4802300
4802318,48,4802300
4802319,48,4802300
4802320,48,4802300
4802321,48,4802300
4802322,48,4802300
4802400,48,4802400
4802501,48,4802500
4802502,48,4802500
4802503,48,4802500
4802504,48,4802500
4802505,48,4802500
4802506,48,4802500
4802507,48,4802500
4802508,48,4802500
4802509,48,4802500
4802510,48,4802500
4802511,48,4802500
4802512,48,4802500
4802513,48,4802500
4802514,48,4802500
4802515,48,4802500
4802516,48,4802500
4802600,48,4802600
4802700,48,4802700
4802800,48,4802800
4802900,48,4802900
4803000,48,4803000
4803100,48,4803100
4803200,48,4803200
4803301,48,4803300
4803302,48,4803300
4803303,48,4803300
4803304,48,4803300
4803305,48,4803300
4803306,48,4803300
4803400,48,4803400
4803501,48,4803500
4803502,48,4803500
4803601,48,4803601
4803602,48,4803602
4803700,48,4803700
4803801,48,4803800
4803802,48,4803800
4803900,48,4803900
4804000,48,4804000
4804100,48,4804100
4804200,48,4804200
4804301,48,4804300
4804302,48,4804300
4804400,48,4804400
4804501,48,4804500
4804502,48,4804500
4804503,48,4804500
4804504,48,4804500
4804601,48,4804600
4804602,48,4804600
4804603,48,4804600
4804604,48,4804600
4804605,48,4804600
4804606,48,4804600
4804607,48,4804600
4804608,48,4804600
4804609,48,4804600
4804610,48,4804600
4804611,48,4804600
4804612,48,4804600
4804613,48,4804600
4804614,48,4804600
4804615,48,4804600
4804616,48,4804600
4804617,48,4804600
4804618,48,4804600
4804619,48,4804600
4804620,48,4804600
4804621,48,4804600
4804622,48,4804600
4804623,48,4804600
4804624,48,4804600
4804625,48,4804600
4804626,48,4804600
4804627,48,4804600
4804628,48,4804600
4804629,48,4804600
4804630,48,4804600
4804631,48,4804600
4804632,48,4804600
4804633,48,4804600
4804634,48,4804600
4804635,48,4804600
4804636,48,4804600
4804637,48,4804600
4804638,48,4804600
4804701,48,4804700
4804702,48,4804700
4804801,48,4804800
4804802,48,4804800
4804803,48,4804800
4804901,48,4804900
4804902,48,4804900
4804903,48,4804900
4804904,48,4804900
4804905,48,4804900
4805000,48,4805000
4805100,48,4805100
4805201,48,4805200
4805202,48,4805200
4805203,48,4805200
4805204,48,4805200
4805301,48,4805300
4805302,48,4805300
4805303,48,4805300
4805304,48,4805300
4805305,48,4805300
4805306,48,4805300
4805307,48,4805300
4805308,48,4805300
4805309,48,4805300
4805400,48,4805400
4805500,48,4805500
4805600,48,4805600
4805700,48,4805700
4805800,48,4805800
4805901,48,4805900
4805902,48,4805900
4805903,48,4805900
4805904,48,4805900
4805905,48,4805900
4805906,48,4805900
4805907,48,4805900
4805908,48,4805900
4805909,48,4805900
4805910,48,4805900
4805911,48,4805900
4805912,48,4805900
4805913,48,4805900
4805914,48,4805900
4805915,48,4805900
4805916,48,4805900
4806000,48,4806000
4806100,48,4806100
4806200,48,4806200
4806301,48,4806300
4806302,48,4806300
4806400,48,4806400
4806500,48,4806500
4806601,48,4806600
4806602,48,4806600
4806603,48,4806600
4806701,48,4806700
4806702,48,4806700
4806703,48,4806700
4806801,48,4806800
4806802,48,4806800
4806803,48,4806800
4806804,48,4806800
4806805,48,4806800
4806806,48,4806800
4806807,48,4806800
4806900,48,4806900
4903001,49,4903001
4905001,49,4905001
4911001,49,4911000
4911002,49,4911000
4913001,49,4913001
4921001,49,4921001
4935001,49,4935000
4935002,49,4935000
4935003,49,4935000
4935004,49,4935000
4935005,49,4935000
4935006,49,4935000
4935007,49,4935000
4935008,49,4935000
4935009,49,4935000
4949001,49,4949000
4949002,49,4949000
4949003,49,4949000
4949004,49,4949000
4953001,49,4953001
4957001,49,4957000
4957002,49,4957000
5000100,50,5000100
5000200,50,5000200
5000300,50,5000300
5000400,50,5000400
5101301,51,5101300
5101302,51,5101300
5104101,51,5104100
5104102,51,5104100
5104103,51,5104100
5110701,51,5110700
5110702,51,5110700
5110703,51,5110700
5151010,51,5151010
5151020,51,5151020
5151040,51,5151040
5151044,51,5151000
5151045,51,5151000
5151080,51,5151080
5151084,51,5151084
5151085,51,5151085
5151087,51,5151087
5151089,51,5151001
5151090,51,5151001
5151095,51,5151095
5151096,51,5151096
5151097,51,5151097
5151105,51,5151105
5151110,51,5151110
5151115,51,5151115
5151120,51,5151120
5151125,51,5151125
5151135,51,5151135
5151145,51,5151145
5151154,51,5151187
5151155,51,5151187
5151164,51,5151100
5151165,51,5151100
5151167,51,5151100
5151175,51,5151175
5151186,51,5151186
5151206,51,5151206
5151215,51,5151215
5151224,51,5151200
5151225,51,5151200
5151235,51,5151235
5151244,51,5151256
5151245,51,5151256
5151246,51,5151256
5151255,51,5151255
5155001,51,5155000
5155002,51,5155000
5159301,51,5159300
5159302,51,5159300
5159303,51,5159300
5159304,51,5159300
5159305,51,5159300
5159306,51,5159300
5159307,51,5159300
5159308,51,5159300
5159309,51,5159300
5310100,53,5310100
5310200,53,5310200
5310300,53,5310300
5310400,53,5310400
5310501,53,5310500
5310502,53,5310500
5310503,53,5310500
5310504,53,5310500
5310600,53,5310600
5310701,53,5310700
5310702,53,5310700
5310703,53,5310700
5310800,53,5310800
5310901,53,5310900
5310902,53,5310900
5311000,53,5311000
5311101,53,5311100
5311102,53,5311100
5311103,53,5311100
5311104,53,5311100
5311200,53,5311200
5311300,53,5311300
5311401,53,5311400
5311402,53,5311400
5311501,53,5311500
5311502,53,5311500
5311503,53,5311500
5311504,53,5311500
5311505,53,5311500
5311506,53,5311500
5311507,53,5311500
5311601,53,5311600
5311602,53,5311600
5311603,53,5311600
5311604,53,5311600
5311605,53,5311600
5311606,53,5311600
5311607,53,5311600
5311608,53,5311600
5311609,53,5311600
5311610,53,5311600
5311611,53,5311600
5311612,53,5311600
5311613,53,5311600
5311614,53,5311600
5311615,53,5311600
5311616,53,5311600
5311701,53,5311700
5311702,53,5311700
5311703,53,5311700
5311704,53,5311700
5311705,53,5311700
5311706,53,5311700
5311801,53,5311800
5311802,53,5311800
5311900,53,5311900
5400100,54,5400100
5400200,54,5400200
5400300,54,5400300
5400400,54,5400400
5400500,54,5400500
5400600,54,5400600
5400700,54,5400700
5400800,54,5400800
5400900,54,5400900
5401000,54,5401000
5401100,54,5401100
5401200,54,5401200
5401300,54,5401300
5500100,55,5500100
5500101,55,5500104
5500102,55,5500104
5500103,55,5500104
5500200,55,5500200
5500300,55,5500200
5500600,55,5500600
5500700,55,5500700
5500800,55,5500800
5500900,55,5500900
5501000,55,5501000
5501001,55,5501001
5501300,55,5501300
5501301,55,5501301
5501400,55,5501400
5501401,55,5501401
5501500,55,5501500
5501501,55,5501501
5501600,55,5501600
5501601,55,5501601
5502400,55,5502400
5502500,55,5502500
5510000,55,5510000
5520000,55,5520000
5530000,55,5530000
5540101,55,5540100
5540301,55,5540100
5540701,55,5540100
5541001,55,5540100
5541002,55,5540100
5541003,55,5540100
5541004,55,5540100
5541005,55,5540100
5550000,55,5550000
5555101,55,5555100
5555102,55,5555102
5555103,55,5555100
5570101,55,5570100
5570201,55,5570100
5570301,55,5570100
5600100,56,5600100
5600200,56,5600200
5600300,56,5600300
5600400,56,5600400
5600500,56,5600500
7200101,72,7200101
7200102,72,7200102
7200201,72,7200201
7200202,72,7200202
7200301,72,7200301
7200302,72,7200302
7200401,72,7200401
7200402,72,7200402
7200403,72,7200403
7200501,72,7200501
7200502,72,7200502
7200503,72,7200503
7200601,72,7200601
7200602,72,7200602
7200701,72,7200701
7200801,72,7200807
7200802,72,7200807
7200803,72,7200803
7200804,72,7200808
7200805,72,7200808
7200806,72,7200808
7200901,72,7200900
7200902,72,7200900
7201001,72,7201001
7201002,72,7201002
7201101,72,7201101
7201102,72,7201102
,,
, The 2014 place of work and migration public use microdata areas ,
,(POWPUMA and MIGPUMA) that are county-based and PUMA-based ,
,"and use the same codes.   Prior to 2012, POWPUMA and MIGPUMA in ",
,previous ACS datasets did not use the same codes. ,
,,
," For 2012 and 2013 ACS, the POWPUMAs and MIGPUMAs for Gwinnett ",
,"County and Richmond County, Georgia were assigned duplicate codes",
,"of 04000.  Starting with the 2014 ACS, Gwinnett County has a ",
,POWPUMA and MIGPUMA code of 04007.  The PUMA codes for ,
,Gwinnett County are 04001-04006.,
,"In addition, the POWPUMAs and MIGPUMAs for northwestern Wisconsin ",
,"(Ashland, Bayfield, Burnett, Douglas, Iron, Price, Rusk, Sawyer, Taylor, ",
,and Washburn Counties) and Dane County were assigned duplicate ,
,"codes of 00100.   Starting with the 2014, ACS Dane County has a ",
,POWPUMA and MIGPUMA code of 00104.  The PUMA codes for Dane ,
,County are 00101-00103.,
,Records affected are listed at the bottom of the 2012 and 2013 MIGPUMA,
,and POWPUMA code lists.,
,,
," For 2012, 2013, and 2014 ACS, the POWPUMAs and MIGPUMAs ",
,"Charlottesville area (Albemarle, Fluvanna, Greene, Louisa, Nelson Counties, ",
,"and Charlottesville city) and the Roanoke area (Alleghany,  Botetourt, ",
,"Craig, Franklin, and Roanoke Counties; and Covington, Roanoke, and",
,Salem cities) in Virginia were assigned duplicate codes of 51000.,
,"Starting with the 2015 ACS, the Charlottesville area has a ",
,POWPUMA and MIGPUMA code of 51001.  The PUMA codes for,
,Charlottesville area are 51089-51090.,
,"In addition, the POWPUMAs and MIGPUMAs for Lexington and Saluda",
,"Counties and for Calhoun, Fairfield, Kershaw, and Richland Counties",
,in South Carolina were assigned duplicate codes of 00600.  Starting with,
,"the 2015 ACS, Lexington and Saluda Counties has a MIGPUMA code",
,of 00606.  The PUMA codes for Lexington and Saluda Counties are,
,00601-00602.,
,"Records affected are listed at the bottom of the 2012, 2013, and 2014",
,MIGPUMA and POWPUMA code lists.,
,,
,"The other 2015 POWPUMA, MIGPUMA, and PUMA codes are the same as",
,"the 2012, 2013, and 2014 codes.",
