PUMA,ENT,FOD,SRV
0100100,46.7864,310.0152,452.8016
0100200,43.84440000000001,290.63880000000006,359.8702
0100301,41.2032,260.0064,276.3456
0100302,35.171200000000006,221.94240000000002,235.88960000000003
0100400,17.0,145.0,204.0
0100500,34.7696,231.3392,233.8168
0100600,28.0,211.0,337.0
0100700,25.0,163.0,245.0
0100800,18.0,152.0,253.0
0100900,20.0,167.0,247.0
0101000,16.0,178.0,282.0
0101100,18.0,191.0,299.0
0101200,75.0,359.0,503.0
0101301,35.519200000000005,212.5028,274.3552
0101302,35.9832,215.2788,277.93919999999997
0101303,59.948800000000006,358.6592,463.05280000000005
0101304,61.5496,368.23639999999995,475.4176
0101305,38.9992,233.3228,301.2352
0101400,19.2136,160.9848,267.1984
0101500,29.175199999999997,169.4339,202.83849999999998
0101600,31.824800000000003,208.5661,230.16150000000002
0101700,26.0,144.0,238.0
0101800,14.0,158.0,340.0
0101900,23.0,346.0,279.0
0102000,51.414,390.7464,544.9884
0102100,39.586,252.2536,362.0116
0102200,13.0,166.0,318.0
0102300,31.0,182.0,298.0
0102400,23.0,218.0,259.0
0102500,43.0,335.0,445.0
0102600,96.0,500.0,501.0
0102701,26.2836,171.648,253.7172
0102702,25.460399999999996,166.272,245.77079999999998
0102703,46.256,302.08,446.512
0200101,72.672,307.0392,358.818
0200102,87.32799999999999,368.96079999999995,431.18199999999996
0200200,143.0,371.0,404.0
0200300,193.0,418.0,444.0
0200400,80.0,159.0,211.0
0400100,41.61,224.40200000000002,212.8972
0400101,54.5775,294.3355,279.2453
0400102,48.8775,263.59549999999996,250.08129999999997
0400103,39.614999999999995,213.643,202.6898
0400104,37.4775,202.1155,191.7533
0400105,50.5875,272.8175,258.8305
0400106,42.6075,229.7815,218.0009
0400107,37.4775,202.1155,191.7533
0400108,37.762499999999996,203.6525,193.2115
0400109,38.190000000000005,205.958,195.3988
0400110,43.605,235.161,223.1046
0400111,39.1875,211.3375,200.5025
0400112,39.33,212.106,201.2316
0400113,38.190000000000005,205.958,195.3988
0400114,38.76,209.03199999999998,198.31519999999998
0400115,38.0475,205.1895,194.6697
0400116,37.4775,202.1155,191.7533
0400117,37.4775,202.1155,191.7533
0400118,40.612500000000004,219.0225,207.7935
0400119,39.33,212.106,201.2316
0400120,37.335,201.347,191.0242
0400121,46.169999999999995,248.994,236.2284
0400122,38.9025,209.8005,199.04430000000002
0400123,40.47,218.25400000000002,207.0644
0400124,37.4775,202.1155,191.7533
0400125,38.0475,205.1895,194.6697
0400126,45.457499999999996,245.15149999999997,232.5829
0400127,42.3225,228.24450000000002,216.5427
0400128,38.475,207.495,196.857
0400129,39.4725,212.87449999999998,201.9607
0400130,43.32,233.624,221.6464
0400131,38.6175,208.2635,197.5861
0400132,38.3325,206.72650000000002,196.1279
0400133,38.76,209.03199999999998,198.31519999999998
0400134,41.04,221.328,209.9808
0400201,34.7784,177.1944,187.7208
0400202,39.6312,201.9192,213.9144
0400203,37.6429,191.78889999999998,203.1823
0400204,35.890499999999996,182.8605,193.7235
0400205,42.023900000000005,214.1099,226.82930000000002
0400206,35.1154,178.91140000000001,189.5398
0400207,35.048,178.56799999999998,189.176
0400208,37.1374,189.2134,200.4538
0400209,39.6986,202.2626,214.2782
0400300,28.0,200.0,210.0
0400400,117.0,423.0,335.0
0400500,107.0,463.0,511.0
0400600,43.0,379.0,397.0
0400700,30.0,277.0,266.0
0400800,26.023,177.1324,149.7104
0400803,23.009,103.86919999999999,110.44319999999999
0400805,21.266000000000002,96.0008,102.0768
0400807,23.702,106.9976,113.7696
0400900,46.0,272.0,304.0
0500100,75.0,451.0,477.0
0500200,78.0,527.0,482.0
0500300,56.0,268.0,347.0
0500400,33.0,194.0,304.0
0500500,35.3818,323.1481,371.2558
0500600,33.6182,148.8519,175.7442
0500700,24.0,125.0,213.0
0500800,21.0,168.0,234.0
0500900,71.80739999999999,473.72219999999993,634.9014
0501000,67.1926,443.2778,594.0986
0501100,42.0,284.0,370.0
0501200,25.0,138.0,196.0
0501300,30.0,200.0,308.0
0501400,40.0,346.0,402.0
0501500,9.0,131.0,228.0
0501600,61.0,339.0,408.0
0501700,13.6176,140.6576,215.27519999999998
0501800,19.3824,134.3424,216.72480000000002
0501900,23.0,148.0,304.0
0502000,9.0,119.0,193.0
0600101,53.7292,353.8836,327.58320000000003
0600102,64.80930000000001,426.8619,395.1378
0600103,51.3151,337.9833,312.8646
0600104,51.0675,336.3525,311.355
0600105,67.0377,441.53909999999996,408.7242
0600106,55.214800000000004,363.6684,336.6408
0600107,59.6716,393.0228,363.8136
0600108,55.524300000000004,365.7069,338.5278
0600109,77.7464,512.0712,474.01439999999997
0600110,82.8222,545.5026,504.9612
0600300,103.0,472.0,419.0
0600701,32.4032,222.26569999999998,227.3287
0600702,31.5968,216.73430000000002,221.6713
0601100,39.0,190.0,189.0
0601301,44.854,225.364,228.8648
0601302,46.371,232.98600000000002,236.60520000000002
0601303,50.676,254.616,258.5712
0601304,46.043,231.338,234.9316
0601305,48.708,244.728,248.52960000000002
0601306,43.87,220.42,223.844
0601307,47.068,236.488,240.1616
0601308,41.902,210.532,213.8024
0601309,40.508,203.528,206.68959999999998
0601500,49.0,256.0,234.0
0601700,98.0,414.0,358.0
0601901,30.478,244.6015,220.499
0601902,36.5736,293.5218,264.5988
0601903,21.462,172.2435,155.271
0601904,35.8484,287.7017,259.3522
0601905,22.7948,182.9399,164.9134
0601906,21.6188,173.5019,156.4054
0601907,27.2244,218.4897,196.9602
0602300,58.0,318.0,298.0
0602500,23.0,244.0,200.0
0602901,33.251400000000004,304.46520000000004,258.999
0602902,35.0742,321.1556,273.197
0602903,27.165599999999998,248.74079999999998,211.596
0602904,18.874799999999997,172.82639999999998,147.01799999999997
0602905,32.619299999999996,298.6774,254.07549999999998
0603100,18.0,175.0,160.0
0603300,65.0,338.0,302.0
0603701,251.15540000000001,321.8856,298.10060000000004
0603702,339.5904,435.2256,403.06559999999996
0603703,295.3729,378.55559999999997,350.5831
0603704,295.3729,378.55559999999997,350.5831
0603705,300.67900000000003,385.35600000000005,356.88100000000003
0603706,245.84929999999997,315.0852,291.80269999999996
0603707,272.3798,349.0872,323.29220000000004
0603708,245.84929999999997,315.0852,291.80269999999996
0603709,198.0944,253.8816,235.1216
0603710,313.0599,401.22360000000003,371.5761
0603711,295.3729,378.55559999999997,350.5831
0603712,265.305,340.02,314.895
0603713,198.0944,253.8816,235.1216
0603714,196.3257,251.6148,233.0223
0603715,215.78140000000002,276.5496,256.1146
0603716,198.0944,253.8816,235.1216
0603717,341.3591,437.49240000000003,405.16490000000005
0603718,244.0806,312.8184,289.7034
0603719,343.12780000000004,439.7592,407.2642
0603720,212.244,272.016,251.916
0603721,240.54319999999998,308.28479999999996,285.5048
0603722,286.5294,367.22159999999997,340.0866
0603723,254.6928,326.4192,302.2992
0603724,300.67900000000003,385.35600000000005,356.88100000000003
0603725,304.2164,389.8896,361.0796
0603726,182.1761,233.4804,216.2279
0603727,272.3798,349.0872,323.29220000000004
0603728,183.9448,235.7472,218.32719999999998
0603729,351.97130000000004,451.0932,417.76070000000004
0603730,295.3729,378.55559999999997,350.5831
0603731,194.557,249.34799999999998,230.92299999999997
0603732,318.366,408.02399999999994,377.87399999999997
0603733,203.4005,260.682,241.4195
0603734,351.97130000000004,451.0932,417.76070000000004
0603735,348.4339,446.5596,413.5621
0603736,206.9379,265.2156,245.6181
0603737,231.6997,296.9508,275.0083
0603738,237.00580000000002,303.7512,281.3062
0603739,300.67900000000003,385.35600000000005,356.88100000000003
0603740,231.6997,296.9508,275.0083
0603741,258.2302,330.9528,306.4978
0603742,237.00580000000002,303.7512,281.3062
0603743,222.8562,285.6168,264.5118
0603744,307.75379999999996,394.42319999999995,365.27819999999997
0603745,221.0875,283.35,262.4125
0603746,198.0944,253.8816,235.1216
0603747,284.7607,364.9548,337.9873
0603748,320.1347,410.29080000000005,379.97330000000005
0603749,205.1692,262.9488,243.51879999999997
0603750,311.2912,398.95680000000004,369.4768
0603751,267.07370000000003,342.2868,316.9943
0603752,309.52250000000004,396.69000000000005,367.37750000000005
0603753,198.0944,253.8816,235.1216
0603754,245.84929999999997,315.0852,291.80269999999996
0603755,217.55010000000001,278.8164,258.2139
0603756,212.244,272.016,251.916
0603757,282.992,362.688,335.88800000000003
0603758,277.6859,355.88759999999996,329.59009999999995
0603759,203.4005,260.682,241.4195
0603760,249.3867,319.61879999999996,296.0013
0603761,226.39360000000002,290.1504,268.7104
0603762,203.4005,260.682,241.4195
0603763,256.4615,328.68600000000004,304.3985
0603764,286.5294,367.22159999999997,340.0866
0603765,233.4684,299.2176,277.1076
0603766,183.9448,235.7472,218.32719999999998
0603767,320.1347,410.29080000000005,379.97330000000005
0603768,201.6318,258.4152,239.3202
0603769,182.1761,233.4804,216.2279
0603900,30.0,175.0,170.0
0604101,125.4508,292.0262,331.4892
0604102,176.5492,410.9738,466.5108
0604701,18.404999999999998,133.743,110.839
0604702,26.595,193.25699999999998,160.161
0605301,62.8035,358.275,319.9185
0605302,58.5868,334.21999999999997,298.4388
0605303,42.5948,241.42000000000002,226.5668
0605500,71.0,309.0,319.0
0605700,84.0,231.0,246.0
0605901,82.6,468.755,401.849
0605902,49.28,279.66400000000004,239.74720000000002
0605903,92.4,524.37,449.526
0605904,93.10000000000001,528.3425,452.9315
0605905,91.84,521.192,446.80160000000006
0605906,82.32,467.166,400.48679999999996
0605907,88.2,500.535,429.093
0605908,82.74,469.5495,402.5301
0605909,68.03999999999999,386.12699999999995,331.0146
0605910,88.61999999999999,502.91849999999994,431.13629999999995
0605911,64.12,363.88100000000003,311.9438
0605912,77.56,440.15299999999996,377.32939999999996
0605913,74.34,421.8795,361.6641
0605914,88.48,502.124,430.45520000000005
0605915,46.480000000000004,263.774,226.1252
0605916,70.56,400.428,343.2744
0605917,76.58,434.5915,372.5617
0605918,82.6,468.755,401.849
0606101,62.708800000000004,318.8885,312.1188
0606102,56.812799999999996,288.906,282.77279999999996
0606103,56.496,287.295,281.196
0606501,51.6844,308.4604,274.1413
0606502,37.5544,224.1304,199.1938
0606503,36.5496,218.1336,193.8642
0606504,36.3612,217.0092,192.8649
0606505,50.428399999999996,300.9644,267.47929999999997
0606506,42.3272,252.61520000000002,224.5094
0606507,41.3224,246.61839999999998,219.1798
0606508,52.3124,312.2084,277.4723
0606509,33.7864,201.6424,179.2078
0606510,42.2016,251.86559999999997,223.8432
0606511,47.2256,281.8496,250.49120000000002
0606512,28.825200000000002,172.03320000000002,152.8929
0606513,41.6364,248.4924,220.84529999999998
0606514,42.6412,254.4892,226.1749
0606515,43.080799999999996,257.1128,228.5066
0606701,29.9364,214.74179999999998,226.4496
0606702,31.552400000000002,226.3338,238.67360000000002
0606703,31.148400000000002,223.4358,235.6176
0606704,34.0976,244.59120000000001,257.9264
0606705,29.694,213.003,224.61599999999999
0606706,33.2088,238.2156,251.20319999999998
0606707,32.3604,232.12980000000002,244.78560000000002
0606708,37.895199999999996,271.8324,286.65279999999996
0606709,39.2284,281.3958,296.73760000000004
0606710,43.4704,311.8248,328.8256
0606711,30.3404,217.6398,229.5056
0606712,31.0676,222.8562,235.00639999999999
0607101,30.414,237.14700000000002,216.049
0607102,35.342400000000005,275.5752,251.0584
0607103,36.452400000000004,284.2302,258.9434
0607104,24.064799999999998,187.6404,170.9468
0607105,29.970000000000002,233.685,212.895
0607106,22.3776,174.4848,158.9616
0607107,23.1768,180.71640000000002,164.6388
0607108,36.940799999999996,288.03839999999997,262.4128
0607109,23.6652,184.5246,168.1082
0607110,23.1324,180.3702,164.3234
0607111,36.0528,281.1144,256.10479999999995
0607112,26.3736,205.6428,187.3476
0607113,36.4968,284.5764,259.2588
0607114,33.8772,264.1506,240.6502
0607115,25.6188,199.75740000000002,181.9858
0607301,82.4824,453.9304,430.584
0607302,50.4803,277.81129999999996,263.52299999999997
0607303,46.3294,254.9674,241.85399999999998
0607304,49.6769,273.3899,259.329
0607305,49.9447,274.8637,260.727
0607306,59.4516,327.1836,310.356
0607307,45.6599,251.28289999999998,238.35899999999998
0607308,53.9617,296.9707,281.697
0607309,69.89580000000001,384.6618,364.87800000000004
0607310,72.306,397.926,377.46
0607311,48.070100000000004,264.5471,250.941
0607312,47.534499999999994,261.5995,248.14499999999998
0607313,76.0552,418.55920000000003,397.03200000000004
0607314,64.1381,352.9751,334.82099999999997
0607315,65.4771,360.34409999999997,341.811
0607316,71.6365,394.2415,373.965
0607317,70.5653,388.3463,368.373
0607318,67.3517,370.66069999999996,351.597
0607319,56.1041,308.7611,292.881
0607320,58.514300000000006,322.0253,305.463
0607321,75.11789999999999,413.4009,392.13899999999995
0607322,58.3804,321.2884,304.764
0607501,106.4826,714.9303,475.2594
0607502,83.19539999999999,558.5786999999999,371.32259999999997
0607503,100.34779999999999,673.7409,447.8782
0607504,82.88239999999999,556.4771999999999,369.9256
0607505,81.8808,549.7524,365.4552
0607506,86.1376,578.3328,384.4544
0607507,85.07339999999999,571.1877,379.70459999999997
0607701,38.8314,288.5706,290.60100000000006
0607702,33.9354,252.1866,253.96099999999998
0607703,43.6509,324.3861,326.6685
0607704,36.582300000000004,271.8567,273.7695
0607901,84.05330000000001,482.55060000000003,366.4482
0607902,54.9467,315.44939999999997,239.5518
0608101,60.005399999999995,392.1372,328.8831
0608102,51.307599999999994,335.29679999999996,281.21139999999997
0608103,45.5614,297.7452,249.71710000000002
0608104,51.872800000000005,338.9904,284.30920000000003
0608105,55.6094,363.4092,304.7891
0608106,49.6434,324.4212,272.0901
0608301,74.907,308.81199999999995,282.121
0608302,63.1359,260.2844,237.7877
0608303,122.931,506.796,462.993
0608501,72.0072,534.0808000000001,421.08320000000003
0608502,54.0711,401.04789999999997,316.1966
0608503,48.0267,356.2163,280.8502
0608504,47.5668,352.8052,278.1608
0608505,39.091499999999996,289.9435,228.599
0608506,40.668299999999995,301.6387,237.8198
0608507,50.3262,373.2718,294.29720000000003
0608508,49.2093,364.98769999999996,287.76579999999996
0608509,44.9388,333.3132,262.7928
0608510,55.5165,411.7685,324.649
0608511,38.4345,285.07050000000004,224.757
0608512,38.894400000000005,288.4816,227.4464
0608513,40.1427,297.7403,234.74620000000002
0608514,38.106,282.634,222.836
0608701,71.412,325.141,314.321
0608702,60.588,275.85900000000004,266.67900000000003
0608900,63.0,333.0,385.0
0609501,39.5952,258.9456,263.50079999999997
0609502,37.9454,248.15619999999998,252.52159999999998
0609503,35.4594,231.89820000000003,235.97760000000002
0609701,99.5569,438.9386,421.914
0609702,66.7927,294.4838,283.062
0609703,102.6504,452.5776,435.024
0609901,23.8356,195.5402,207.0166
0609902,24.8616,203.9572,215.92759999999998
0609903,36.558,299.911,317.51300000000003
0609904,22.7448,186.5916,197.5428
0610100,46.0,231.0,232.0
0610701,19.9875,186.345,171.585
0610702,21.9765,204.8886,188.65980000000002
0610703,23.035999999999998,214.7664,197.7552
0611101,66.825,221.10000000000002,225.3625
0611102,88.59779999999999,293.1384,298.7897
0611103,115.32780000000001,381.57840000000004,388.9347
0611104,70.47,233.16,237.65499999999997
0611105,70.6644,233.8032,238.3106
0611106,74.115,245.22,249.9475
0611300,68.0,388.0,416.0
0800100,21.05,182.7182,293.7222
0800102,87.64320000000001,309.82640000000004,362.48920000000004
0800103,140.35680000000002,496.1736,580.5108
0800200,123.0,338.0,384.0
0800300,51.307500000000005,298.2676,387.2006
0800400,204.0,705.0,577.0
0800600,90.3478,236.8486,267.9913
0800700,43.617200000000004,286.3564,323.3362
0800800,36.035,200.79500000000002,272.6725
0800801,92.5424,251.24679999999998,281.992
0800802,122.86569999999999,406.8092,466.5337999999999
0800803,114.404,343.212,381.089
0800804,104.1935,395.7498,431.0402
0800805,36.9792,213.9126,262.1424
0800806,34.724900000000005,228.6312,281.4868
0800807,38.8042,255.4896,314.5544
0800808,49.622800000000005,251.33380000000002,312.3206
0800809,50.5488,258.1869,320.7291
0800810,46.6205,245.8954,305.077
0800811,50.4874,255.71290000000002,317.76230000000004
0800812,123.1791,554.4319,564.0041
0800813,81.5652,367.1268,373.4652
0800814,83.13000000000001,374.17,380.63000000000005
0800815,116.0431,529.1526,552.1361999999999
0800816,97.1643,437.33869999999996,444.8893
0800817,61.5329,245.56480000000002,320.216
0800818,64.32079999999999,254.6756,332.469
0800819,76.6048,303.31359999999995,395.96399999999994
0800820,50.12,237.7208,299.0334
0800821,69.13159999999999,244.0448,340.9872
0800822,57.9312,196.67999999999998,281.4312
0800823,59.8898,197.498,296.33230000000003
0800824,38.1591,206.7474,259.36580000000004
0800900,125.0,398.0,410.0
0801001,63.251999999999995,246.8585,375.998
0801002,75.74799999999999,262.1415,303.002
0804101,64.0849,225.3922,314.5661
0804102,51.083999999999996,217.75199999999998,298.07599999999996
0804103,49.0347,209.01659999999998,286.1183
0804104,51.678,220.284,301.542
0804105,52.272,222.81599999999997,305.008
0804106,50.8167,216.61260000000001,296.5163
0900100,113.45280000000001,435.57120000000003,484.0896
0900101,77.9366,299.21639999999996,332.5462
0900102,124.71100000000001,478.79400000000004,532.1270000000001
0900103,90.0656,345.78240000000005,384.29920000000004
0900104,97.8406,375.63239999999996,417.4742
0900105,118.0556,453.2424,503.7292
0900300,65.648,358.512,439.472
0900301,45.6925,249.5325,305.8825
0900302,52.0708,284.3652,348.5812
0900303,67.1773,366.8637,449.7097
0900304,47.0726,257.06940000000003,315.1214
0900305,46.2147,252.3843,309.37829999999997
0900306,49.124100000000006,268.27290000000005,328.85490000000004
0900500,126.0,406.0,509.0
0900700,113.0,419.0,462.0
0900900,48.266400000000004,309.7094,338.9477
0900901,39.936,256.25600000000003,280.448
0900902,47.0496,301.9016,330.40279999999996
0900903,44.928,288.28799999999995,315.50399999999996
0900904,44.241600000000005,283.8836,310.6838
0900905,46.955999999999996,301.301,329.7455
0900906,40.622400000000006,260.66040000000004,285.26820000000004
0901100,70.035,331.3975,333.42749999999995
0901101,67.965,321.6025,323.5725
0901300,45.0,225.0,271.0
0901500,41.0,232.0,247.0
1000101,56.079,240.597,282.204
1000102,75.1626,322.4718,378.2376
1000103,74.9115,321.3945,376.97400000000005
1000104,72.8469,312.5367,366.5844
1000200,93.0,272.0,357.0
1000300,104.0,570.0,504.0
1100101,69.7752,460.4106,766.2938
1100102,74.0916,488.8923,813.6979
1100103,68.3892,451.26509999999996,751.0722999999999
1100104,92.1492,608.0450999999999,1012.0123
1100105,91.5948,604.3869,1005.9237
1200101,56.9745,299.26,337.81850000000003
1200102,42.0255,220.73999999999998,249.1815
1200500,115.0,700.0,686.0
1200901,67.8576,376.0864,462.512
1200902,42.8331,237.3934,291.947
1200903,43.013999999999996,238.396,293.18
1200904,47.295300000000005,262.12420000000003,322.361
1201101,86.46000000000001,320.1825,432.0525
1201102,65.1856,241.3982,325.7414
1201103,60.784000000000006,225.098,303.74600000000004
1201104,70.74000000000001,261.96750000000003,353.4975
1201105,100.8176,373.3522,503.7994
1201106,99.036,366.7545,494.8965
1201107,60.1552,222.7694,300.6038
1201108,82.792,306.599,413.723
1201109,60.6792,224.7099,303.2223
1201110,67.596,250.3245,337.7865
1201111,79.8576,295.73220000000003,399.05940000000004
1201112,77.02799999999999,285.2535,384.91949999999997
1201113,70.21600000000001,260.02700000000004,350.879
1201114,66.548,246.4435,332.5495
1201500,54.0,278.0,408.0
1201701,34.0,202.0,314.0
1201900,48.0,292.0,421.0
1202101,76.99300000000001,257.50600000000003,383.3475
1202102,80.6106,269.6052,401.3595
1202103,80.3964,268.8888,400.293
1202300,42.0,221.0,324.0
1202700,41.1465,165.2375,293.879
1203101,50.368500000000004,278.3235,324.59700000000004
1203102,50.7006,280.1586,326.7372
1203103,43.8003,242.0293,282.2686
1203104,56.235600000000005,310.7436,362.40720000000005
1203105,52.656299999999995,290.9653,339.3406
1203106,48.597300000000004,268.53630000000004,313.18260000000004
1203107,66.6783,368.4473,429.70459999999997
1203301,34.1228,201.0278,247.3903
1203302,57.8772,340.9722,419.6097
1203500,40.234,176.574,232.55
1205301,48.0,269.0,315.0
1205701,59.0622,267.5438,345.6106
1205702,65.9649,298.8121,386.00269999999995
1205703,62.3838,282.5902,365.0474
1205704,65.2902,295.75579999999997,382.0546
1205705,61.8129,280.0041,361.7067
1205706,52.8342,239.33180000000002,309.1666
1205707,75.255,340.895,440.36499999999995
1205708,76.34490000000001,345.8321,446.7427
1206100,80.0,260.0,409.0
1206300,43.0,252.0,363.0
1206901,45.493,171.787,247.49550000000002
1206902,43.2652,198.2448,246.6327
1206903,66.2418,260.9682,363.87179999999995
1207101,61.4304,257.9688,335.9232
1207102,80.8012,339.3139,441.84959999999995
1207103,69.6148,292.3381,380.6784
1207104,51.5396,216.4337,281.8368
1207105,52.614000000000004,220.9455,287.712
1207300,49.5096,342.5256,412.2432
1207301,48.4904,335.4744,403.7568
1208101,51.9636,202.8579,281.8026
1208102,55.068,214.97699999999998,298.638
1208103,48.9684,191.1651,265.5594
1208301,32.0014,138.2702,217.6699
1208302,32.8918,142.1174,223.7263
1208303,41.1068,177.61239999999998,279.6038
1208500,143.0,389.0,517.0
1208601,57.1914,244.6929,283.1571
1208602,50.587599999999995,216.43859999999998,250.46139999999997
1208603,50.213800000000006,214.8393,248.6107
1208604,50.0892,214.3062,247.9938
1208605,52.705799999999996,225.5013,260.9487
1208606,50.463,215.90550000000002,249.8445
1208607,50.0892,214.3062,247.9938
1208608,56.319199999999995,240.9612,278.8388
1208609,50.463,215.90550000000002,249.8445
1208610,50.3384,215.3724,249.2276
1208611,50.463,215.90550000000002,249.8445
1208612,50.0892,214.3062,247.9938
1208613,50.587599999999995,216.43859999999998,250.46139999999997
1208614,50.587599999999995,216.43859999999998,250.46139999999997
1208615,51.4598,220.17030000000003,254.77970000000002
1208616,50.463,215.90550000000002,249.8445
1208617,51.086000000000006,218.571,252.929
1208618,53.0796,227.1006,262.7994
1208619,50.463,215.90550000000002,249.8445
1208620,50.3384,215.3724,249.2276
1208621,50.7122,216.9717,251.0783
1208622,51.2106,219.1041,253.5459
1208623,52.705799999999996,225.5013,260.9487
1208624,49.9646,213.77309999999997,247.37689999999998
1208700,158.0798,436.2403,395.7097
1208900,52.0,185.0,257.0
1209100,94.0,490.0,498.0
1209300,25.8535,126.7625,190.121
1209501,85.8585,337.025,330.837
1209502,82.4397,323.605,317.6634
1209503,71.7948,281.82,276.6456
1209504,84.92609999999999,333.365,327.2442
1209505,73.8927,290.055,284.7294
1209506,68.8422,270.23,265.2684
1209507,72.8826,286.09,280.8372
1209508,73.1157,287.005,281.7354
1209509,82.7505,324.825,318.861
1209510,80.49719999999999,315.98,310.1784
1209701,55.5786,331.226,320.5594
1209702,43.4214,258.774,250.4406
1209901,71.76180000000001,229.9836,333.4998
1209902,77.7876,249.2952,361.5036
1209903,98.604,316.008,458.24399999999997
1209904,85.9133,275.33660000000003,399.2663
1209905,86.735,277.97,403.085
1209906,103.169,330.63800000000003,479.459
1209907,79.431,254.56199999999998,369.14099999999996
1209908,73.7704,236.42079999999999,342.83439999999996
1209909,71.76180000000001,229.9836,333.4998
1209910,70.8488,227.0576,329.2568
1209911,93.2173,298.7446,433.21029999999996
1210101,33.7568,162.87040000000002,210.91840000000002
1210102,30.825,148.725,192.6
1210103,38.2641,184.6173,239.08079999999998
1210104,34.1678,164.8534,213.4864
1210301,63.388799999999996,273.492,329.085
1210302,58.081599999999995,250.594,301.53249999999997
1210303,56.593599999999995,244.17399999999998,293.8075
1210304,58.1808,251.022,302.0475
1210305,58.3296,251.664,302.82
1210306,59.2224,255.51600000000002,307.45500000000004
1210307,82.18719999999999,354.59799999999996,426.67749999999995
1210308,59.9664,258.726,311.3175
1210501,42.9865,231.37699999999998,339.27599999999995
1210502,39.2019,211.0062,309.4056
1210503,32.914100000000005,177.1618,259.77840000000003
1210504,33.8975,182.455,267.54
1210700,37.4737,156.53390000000002,239.4227
1210900,114.52629999999999,474.4661,467.5773
1211101,32.103,156.825,197.784
1211102,54.897,268.175,338.216
1211300,43.0,209.0,277.0
1211501,72.00179999999999,292.89419999999996,416.04659999999996
1211502,76.53229999999999,311.3237,442.2251
1211503,72.4659,294.7821,418.72830000000005
1211701,55.9662,218.3186,277.0579
1211702,54.745200000000004,213.5556,271.0134
1211703,54.7674,213.6422,271.12330000000003
1211704,56.499,220.397,279.6955
1212100,14.0,117.0,208.0
1212701,51.8364,233.60039999999998,297.33
1212702,59.6442,268.7862,342.11499999999995
1212703,61.1457,275.5527,350.72749999999996
1212704,55.1397,248.48669999999998,316.2775
1300100,41.0,350.0,362.0
1300200,20.0,169.0,182.0
1300300,25.0,203.0,273.0
1300401,81.7632,492.984,434.0664
1300402,54.236799999999995,327.01599999999996,287.9336
1300500,20.0,213.0,315.0
1300600,38.0,233.0,239.0
1300700,19.0,192.0,226.0
1300800,27.0,159.0,251.0
1300900,28.0,208.0,249.0
1301001,93.1362,379.2144,351.22589999999997
1301002,91.3376,371.8912,344.4432
1301003,92.0414,374.7568,347.0973
1301004,97.20259999999999,395.77119999999996,366.5607
1301005,125.9802,512.9424,475.08389999999997
1301006,93.3708,380.1696,352.11060000000003
1301007,94.4937,394.2789,370.2585
1301008,51.8523,253.1811,256.8969
1301100,21.0,132.0,248.0
1301200,10.0,219.0,313.0
1301300,17.0,185.0,282.0
1301400,39.0,383.0,393.0
1301500,29.0,298.0,275.0
1301600,36.0,228.0,312.0
1301700,58.0,429.0,458.0
1301800,21.0,167.0,281.0
1301900,25.0,225.0,307.0
1302001,55.9661,273.2677,277.2783
1302002,57.3783,280.16310000000004,284.2749
1302003,68.8294,336.0758,341.0082
1302004,61.1851,298.7507,303.13530000000003
1302100,51.0,188.0,250.0
1302200,23.0,150.0,206.0
1302300,16.0,192.0,222.0
1302400,78.0,257.0,368.0
1302500,38.0,270.0,333.0
1302600,19.0,185.0,260.0
1302700,21.0,162.0,194.0
1302800,44.0,273.0,340.0
1302900,31.0,171.0,199.0
1303001,65.3235,318.0705,355.5145
1303002,58.0368,282.5904,315.8576
1303003,57.5232,280.0896,313.0624
1303004,72.12870000000001,351.2061,392.5509
1303005,67.9878,331.04339999999996,370.0146
1303101,51.8292,178.5228,243.3093
1303102,56.1708,193.4772,263.6907
1303200,51.0,285.0,325.0
1303300,89.0,343.0,477.0
1303400,75.0,289.0,410.0
1303500,21.0,208.0,317.0
1303600,69.0,332.0,289.0
1303700,29.0,157.0,236.0
1303800,23.0,172.0,280.0
1303900,32.0,162.0,237.0
1304000,52.0,401.0,438.0
1304001,62.830799999999996,320.90999999999997,343.8804
1304002,49.9968,255.35999999999999,273.6384
1304003,66.7368,340.86,365.2584
1304004,47.988,245.1,262.644
1304005,54.7212,279.49,299.4956
1304006,89.7264,458.28,491.0832
1304100,37.0,224.0,268.0
1304200,20.0,149.0,242.0
1304300,42.0,314.0,333.0
1304400,34.0,219.0,250.0
1304500,26.0,161.0,213.0
1304600,106.1956,432.3872,400.4742
1305001,10.1712,147.0586,159.7726
1305002,13.828800000000001,199.94140000000002,217.22740000000002
1306001,24.1374,173.8878,188.6658
1306002,24.862599999999997,179.11219999999997,194.33419999999998
1500100,196.0,680.0,684.0
1500200,73.0,419.0,386.0
1500301,26.8986,258.71369999999996,264.75
1500302,30.683200000000003,295.1144,302.0
1500303,28.6766,275.8147,282.25
1500304,32.334199999999996,310.9939,318.25
1500305,30.5308,293.6486,300.5
1500306,37.744400000000006,363.0298,371.5
1500307,38.735,372.5575,381.25
1500308,28.397199999999998,273.12739999999997,279.5
1600100,71.605,307.33500000000004,317.125
1600200,99.395,367.66499999999996,361.875
1600300,124.0,284.0,265.0
1600400,41.460300000000004,191.50889999999998,238.6088
1600500,24.7314,167.967,190.0128
1600600,43.3143,215.9043,246.339
1600701,61.755,266.0835,288.1005
1600702,59.018,254.29059999999998,275.3318
1600800,62.721,270.2457,292.6071
1600900,51.0,231.0,253.0
1601000,66.0,237.0,285.0
1601100,59.316900000000004,188.3918,161.3982
1601200,37.0,216.0,226.0
1601300,50.683099999999996,236.6082,211.6018
1700104,54.0,296.0,368.0
1700105,53.0,335.0,358.0
1700202,57.0,352.0,499.0
1700300,52.0,210.0,352.0
1700401,46.0,283.0,365.0
1700501,58.0,315.0,442.0
1700600,29.0,205.0,274.0
1700700,23.0,184.0,366.0
1700800,19.0,199.0,450.0
1700900,73.0,370.0,528.0
1701001,65.0,321.0,527.0
1701104,39.123,280.5678,335.34
1701105,30.877,221.4322,264.65999999999997
1701204,46.8728,250.1385,320.4477
1701205,57.1272,304.8615,390.5523
1701300,108.0,501.0,676.0
1701500,47.0,219.0,306.0
1701602,44.0,266.0,391.0
1701701,83.0,429.0,468.0
1701900,58.0,275.0,363.0
1702000,68.0,342.0,416.0
1702100,83.0,526.0,471.0
1702200,52.0,275.0,436.0
1702300,37.0,226.0,263.0
1702400,50.0,278.0,316.0
1702501,62.0,284.0,376.0
1702601,36.0,199.0,225.0
1702700,36.0,177.0,271.0
1702801,83.6715,387.24,467.454
1702901,59.3285,244.76,305.546
1703005,54.73480000000001,258.3596,324.72200000000004
1703007,43.7145,206.3415,259.34250000000003
1703008,51.89769999999999,244.9679,307.8905
1703009,42.653,201.331,253.04500000000002
1703102,49.028099999999995,225.05669999999998,291.412
1703105,51.5679,236.7153,306.508
1703106,62.200199999999995,285.52139999999997,369.704
1703107,45.2682,207.79739999999998,269.06399999999996
1703108,40.9356,187.9092,243.31199999999998
1703202,61.93450000000001,272.00100000000003,341.85290000000003
1703203,61.498,270.084,339.4436
1703204,77.6485,341.013,428.5877
1703205,65.28099999999999,286.698,360.3242
1703207,61.595,270.51,339.979
1703208,93.993,412.794,518.8026
1703209,63.050000000000004,276.90000000000003,348.01
1703306,91.17360000000001,327.49920000000003,386.2404
1703307,80.601,289.522,341.4515
1703308,64.88279999999999,233.06159999999997,274.8642
1703309,88.8822,319.2684,376.5333
1703310,76.4604,274.6488,323.9106
1703401,52.8504,290.36,310.3192
1703407,74.5104,409.36,437.4992
1703408,80.142,440.29999999999995,470.566
1703409,63.4638,348.67,372.6374
1703410,72.3444,397.46,424.7812
1703411,72.3444,397.46,424.7812
1703412,45.702600000000004,251.09,268.3498
1703413,70.6116,387.93999999999994,414.60679999999996
1703414,69.96180000000001,384.37,410.7914
1703415,52.633799999999994,289.16999999999996,309.0474
1703416,58.6986,322.49,344.6578
1703417,50.467800000000004,277.27000000000004,296.3294
1703418,45.702600000000004,251.09,268.3498
1703419,50.901,279.65,298.873
1703420,77.5428,426.02,455.3044
1703421,75.1602,412.93,441.31460000000004
1703422,54.150000000000006,297.5,317.95000000000005
1703501,69.96180000000001,384.37,410.7914
1703502,66.063,362.95,387.899
1703503,59.7816,328.44,351.0168
1703504,58.9152,323.68,345.9296
1703520,54.7998,301.07,321.7654
1703521,79.49220000000001,436.73,466.7506
1703522,57.399,315.34999999999997,337.027
1703523,87.5064,480.76,513.8072
1703524,71.6946,393.89,420.96579999999994
1703525,54.5832,299.88,320.4936
1703526,68.44560000000001,376.04,401.88880000000006
1703527,62.1642,341.53,365.0066
1703528,64.3302,353.43,377.7246
1703529,74.9436,411.74,440.0428
1703530,53.9334,296.31,316.6782
1703531,57.399,315.34999999999997,337.027
1703532,56.7492,311.78000000000003,333.21160000000003
1703601,65.325,250.848,346.2225
1703602,84.675,325.152,448.7775
1703700,67.0,306.0,344.0
1800101,32.606,226.14589999999998,277.6168
1800102,36.834,255.4701,313.6152
1800103,33.824,234.5936,287.98720000000003
1800104,36.736000000000004,254.79040000000003,312.7808
1800200,51.0,306.0,403.0
1800300,37.0,211.0,275.0
1800401,37.1577,221.2378,275.0524
1800402,49.842299999999994,296.7622,368.94759999999997
1800500,52.0,341.0,557.0
1800600,55.0,271.0,437.0
1800700,21.0,161.0,273.0
1800800,46.0,233.0,367.0
1800900,47.0,218.0,435.0
1801001,50.708000000000006,258.2486,359.6646
1801002,47.501999999999995,241.9209,336.9249
1801003,41.79,212.8305,296.4105
1801100,25.0,204.0,303.0
1801200,73.0,393.0,388.0
1801300,37.0,267.0,369.0
1801400,34.0,229.0,369.0
1801500,38.0,139.0,275.0
1801600,24.0,155.0,269.0
1801700,37.0,251.0,277.0
1801801,70.41380000000001,242.25740000000002,280.7718
1801802,80.4906,274.6638,304.5366
1801803,77.09559999999999,263.0788,291.6916
1801900,40.0,202.0,300.0
1802000,44.0,214.0,289.0
1802100,38.0,160.0,265.0
1802200,79.0,311.0,356.0
1802301,42.6712,235.5496,265.1792
1802302,44.013999999999996,242.962,273.524
1802303,48.9003,269.93489999999997,303.8898
1802304,58.188,321.204,361.608
1802305,58.9713,325.5279,366.4758
1802306,63.596500000000006,351.0595,395.21900000000005
1802307,56.696,312.968,352.336
1802400,39.0,275.0,327.0
1802500,39.0,178.0,256.0
1802600,37.0,206.0,309.0
1802700,34.0,226.0,431.0
1802800,60.0,319.0,310.0
1802900,33.0,225.0,290.0
1803000,34.0,155.0,227.0
1803100,38.0,164.0,277.0
1803200,33.0,167.0,312.0
1803300,76.0,429.0,544.0
1803400,43.0,248.0,379.0
1803500,34.0,228.0,301.0
1803600,34.0,210.0,246.0
1900100,74.0,282.0,532.0
1900200,70.0,212.0,444.0
1900400,65.0,252.0,433.0
1900500,61.0,296.0,340.0
1900600,55.0,223.0,451.0
1900700,92.0,313.0,437.0
1900800,51.0,261.0,356.0
1900900,74.0,417.0,408.0
1901000,90.0,517.0,569.0
1901100,55.0,392.0,309.0
1901200,46.0,191.0,310.0
1901300,64.0,233.0,308.0
1901400,75.304,237.298,433.06600000000003
1901500,81.1146,412.9769,506.1161
1901600,54.944,297.29600000000005,379.98400000000004
1901700,90.6374,490.4291,626.8339
1901800,45.0,164.0,332.0
1901900,64.0,220.0,439.0
1902000,65.0,283.0,353.0
1902100,71.0,305.0,503.0
1902200,45.0,197.0,363.0
1902300,45.0,212.0,343.0
2000100,37.0,251.0,539.0
2000200,75.0,288.0,585.0
2000300,43.0,249.0,308.0
2000400,30.0,170.0,268.0
2000500,29.0,266.0,345.0
2000601,55.270399999999995,229.61599999999999,267.4112
2000602,73.9296,307.13399999999996,357.68879999999996
2000603,74.88159999999999,311.089,362.2948
2000604,67.8912,282.048,328.4736
2000700,53.0,278.0,273.0
2000801,38.0965,186.96589999999998,303.59979999999996
2000802,45.9035,202.0341,332.4002
2000900,27.563200000000002,202.224,327.188
2001000,33.0,195.0,345.0
2001100,34.4368,215.776,445.812
2001200,45.0,259.0,418.0
2001301,52.6445,327.234,396.6515
2001302,53.067800000000005,303.21000000000004,360.7324
2001303,42.6618,265.3416,288.7686
2001304,55.625899999999994,340.2144,376.84749999999997
2001400,19.0,157.0,284.0
2001500,41.0,234.0,330.0
2100100,45.0,384.0,530.0
2100200,23.0,142.0,348.0
2100300,18.0,151.0,249.0
2100400,36.0,229.0,327.0
2100500,43.0,257.0,248.0
2100600,15.0,126.0,201.0
2100700,20.0,122.0,162.0
2100800,14.0,123.0,143.0
2100900,13.0,182.0,198.0
2101000,0.0,99.0,118.0
2101100,18.0,187.0,224.0
2101200,29.3706,146.0727,234.4777
2101300,33.629400000000004,208.9273,307.5223
2101400,18.0,141.0,258.0
2101500,35.0,174.0,258.0
2101600,26.73,118.991,202.911
2101701,55.944,284.25600000000003,313.488
2101702,51.748200000000004,262.9368,289.9764
2101703,47.6856,242.2944,267.21119999999996
2101704,57.275999999999996,291.024,320.952
2101705,55.0449,279.68760000000003,308.4498
2101706,65.33460000000001,331.97040000000004,366.10920000000004
2101800,37.269999999999996,128.00900000000001,232.089
2101901,63.648,285.6672,302.88960000000003
2101902,106.352,477.3328,506.1104
2102000,44.0,201.0,348.0
2102100,39.0,179.0,293.0
2102200,25.0,177.0,211.0
2102300,41.0,199.0,270.0
2102400,44.0,303.0,296.0
2102500,49.0,282.0,261.0
2102600,47.0,297.0,305.0
2102700,16.0,158.0,244.0
2102800,22.0,207.0,276.0
2200100,48.3254,233.4014,302.8049
2200101,45.6746,220.5986,286.1951
2200200,48.0,279.0,308.0
2200300,40.0,220.0,369.0
2200400,50.0,280.0,375.0
2200500,40.0,143.0,315.0
2200600,15.0,107.0,244.0
2200700,37.0,277.0,391.0
2200800,35.8563,238.24349999999998,315.5804
2200900,51.1437,271.7565,329.4196
2201000,27.0,116.0,185.0
2201100,27.0,135.0,185.0
2201200,53.959500000000006,337.1184,291.3813
2201201,51.040499999999994,318.8816,275.6187
2201300,49.0,241.0,311.0
2201400,22.0,145.0,186.0
2201500,46.8712,281.2272,351.2482
2201501,67.33840000000001,404.03040000000004,504.6274
2201502,49.7904,298.7424,373.1244
2201600,30.0,215.0,221.0
2201700,21.0,161.0,218.0
2201800,37.0,291.0,324.0
2201900,39.0,172.0,180.0
2202000,30.0,155.0,158.0
2202100,35.0,217.0,195.0
2202200,48.801500000000004,293.32270000000005,271.7473
2202201,46.1985,277.6773,257.2527
2202300,41.99,260.091,237.12
2202301,53.821999999999996,333.3798,303.936
2202302,52.513,325.2717,296.544
2202400,87.59899999999999,472.546,316.892
2202401,77.78490000000001,419.6046,281.3892
2202402,85.6161,461.8494,309.7188
2202500,49.675,261.2575,231.4
2300100,39.0,174.0,233.0
2300200,98.0,299.0,361.0
2300300,69.0,266.0,370.0
2300400,61.0,249.0,372.0
2300500,214.0,508.0,588.0
2300600,41.0,215.0,254.0
2300700,75.3906,293.4798,333.803
2300800,113.5201,518.7293000000001,454.92350000000005
2300900,101.02759999999999,406.99980000000005,404.64
2301000,97.0617,360.7911,388.63349999999997
2400100,35.0,235.0,306.0
2400200,49.0,291.0,397.0
2400301,51.64,240.64239999999998,322.23359999999997
2400302,48.36,225.3576,301.7664
2400400,54.0,276.0,472.0
2400501,44.8096,244.9788,279.9126
2400502,46.816,255.948,292.44599999999997
2400503,42.56,232.68000000000004,265.86
2400504,43.8976,239.9928,274.2156
2400505,41.465599999999995,226.6968,259.0236
2400506,42.56,232.68000000000004,265.86
2400507,41.9216,229.1898,261.8721
2400601,47.65859999999999,204.8772,312.7938
2400602,39.3414,169.12279999999998,258.20619999999997
2400700,56.0,138.0,213.0
2400801,46.575,333.90000000000003,322.2
2400802,37.1565,266.378,257.044
2400803,40.158,287.896,277.808
2400804,43.573499999999996,312.382,301.436
2400805,39.537,283.444,273.512
2400901,73.1775,264.326,326.8595
2400902,91.8225,331.674,410.1405
2401001,55.942,250.5932,340.7744
2401002,54.8215,245.57389999999998,333.9488
2401003,75.44699999999999,337.96619999999996,459.5904
2401004,76.06949999999999,340.75469999999996,463.38239999999996
2401005,57.602000000000004,258.0292,350.88640000000004
2401006,49.343500000000006,221.0351,300.5792
2401007,45.816,205.2336,279.0912
2401101,20.7711,179.7957,231.3927
2401102,23.9268,207.1116,266.5476
2401103,19.3424,167.4288,215.4768
2401104,20.5356,177.7572,228.7692
2401105,30.2539,261.8793,337.0323
2401106,21.2421,183.8727,236.6397
2401107,20.9124,181.01880000000003,232.96680000000003
2401201,79.02159999999999,346.08,403.47159999999997
2401202,55.9508,245.04,285.6758
2401203,68.8562,301.56,351.56870000000004
2401204,70.144,307.2,358.144
2401300,108.0,338.0,507.0
2401400,98.0,553.0,510.0
2401500,51.0,324.0,374.0
2401600,29.0,241.0,289.0
2500100,110.0,411.0,336.0
2500200,70.95779999999999,264.83119999999997,321.9418
2500300,60.075500000000005,395.1381,425.96930000000003
2500301,39.379000000000005,259.00980000000004,279.2194
2500302,39.909000000000006,262.49580000000003,282.97740000000005
2500303,37.894999999999996,249.24899999999997,268.697
2500304,50.244,330.4728,356.2584
2500400,43.8561,248.4927,275.4783
2500501,61.198,283.272,328.042
2500502,58.6343,271.40520000000004,314.29970000000003
2500503,74.9262,346.8168,401.6298
2500504,76.911,356.004,412.269
2500505,66.4908,307.7712,356.4132
2500506,57.89000000000001,267.96000000000004,310.31
2500507,64.5887,298.96680000000003,346.2173
2500508,63.5963,294.3732,340.8977
2500701,105.5275,439.9876,504.2973
2500702,60.349999999999994,251.62399999999997,288.402
2500703,112.32749999999999,468.33959999999996,536.7932999999999
2500704,61.497499999999995,256.4084,293.8857
2501000,72.9178,314.0536,361.1574
2501300,69.3618,312.3336,360.7554
2501400,63.1453,295.4355,341.27709999999996
2501600,74.1816,321.80400000000003,361.0062
2501900,43.2562,280.0096,336.804
2501901,41.631800000000005,269.49440000000004,324.156
2501902,35.9726,232.8608,280.092
2502400,56.4349,278.3207,320.0946
2502800,76.5784,347.4752,401.63840000000005
2503301,63.6939,417.5127,392.7519
2503302,77.027,504.911,474.96700000000004
2503303,59.392900000000004,389.3197,366.2309
2503304,67.8776,444.9368,418.5496
2503305,66.15719999999999,433.65959999999995,407.9412
2503306,56.8514,372.66020000000003,350.5594
2503400,81.1082,362.2648,427.39529999999996
2503500,60.6711,263.5428,315.537
2503601,75.1856,319.1552,386.8606
2503602,68.8352,292.1984,354.1852
2503603,69.69760000000001,295.85920000000004,358.62260000000003
2503900,75.31360000000001,311.528,376.67580000000004
2504000,72.1244,282.55830000000003,339.7859
2504200,48.498599999999996,268.86719999999997,310.67609999999996
2504301,48.2706,233.50080000000003,272.7102
2504302,41.187200000000004,234.24,269.57120000000003
2504303,48.0869,273.48,314.7299
2504500,42.685300000000005,242.76000000000002,279.3763
2504700,150.66,519.4125,461.09250000000003
2504800,170.34,549.5875000000001,446.9075
2504901,63.5458,258.6244,307.6286
2504902,61.9688,235.8742,282.7872
2504903,73.13,278.3575,333.72
2600100,74.0,415.0,519.0
2600200,65.0,313.0,370.0
2600300,76.0,315.0,391.0
2600400,110.0,364.0,458.0
2600500,109.0,396.0,494.0
2600600,48.0,197.0,274.0
2600700,53.0,306.0,363.0
2600801,46.7808,209.98199999999997,388.59959999999995
2600802,41.2192,185.018,342.4004
2600900,41.0,198.0,280.0
2601001,59.9585,289.375,415.31100000000004
2601002,81.1447,391.62500000000006,562.0602
2601003,67.80619999999999,327.24999999999994,469.66919999999993
2601004,50.090599999999995,241.74999999999997,346.95959999999997
2601100,58.0,249.0,413.0
2601200,45.0,247.0,283.0
2601300,58.0,244.0,280.0
2601400,63.0,349.0,459.0
2601500,64.0,368.0,494.0
2601600,44.0,206.0,285.0
2601701,50.0175,283.40250000000003,386.3
2601702,25.126200000000004,171.82260000000002,213.192
2601703,23.8194,162.8862,202.104
2601704,51.027,295.821,381.32000000000005
2601801,49.351800000000004,361.5168,475.68
2601802,33.648199999999996,246.48319999999998,324.32
2601900,47.0,308.0,404.0
2602000,60.0,304.0,458.0
2602101,50.568,277.608,312.18
2602102,47.432,260.392,292.82
2602200,27.0,166.0,268.0
2602300,45.0,182.0,244.0
2602400,69.0,327.0,401.0
2602500,41.0,227.0,319.0
2602600,48.0,243.0,306.0
2602701,53.128299999999996,238.61669999999998,246.60129999999998
2602702,57.7474,259.3626,268.0414
2602703,62.1243,279.0207,288.35729999999995
2602800,87.0,282.0,410.0
2602901,59.315400000000004,301.99830000000003,331.76230000000004
2602902,60.2082,306.5439,336.7559
2602903,76.0554,387.2283,425.39230000000003
2602904,71.2566,362.7957,398.55170000000004
2602905,55.3536,281.8272,309.6032
2602906,70.3638,358.2501,393.55809999999997
2602907,77.004,392.05800000000005,430.69800000000004
2602908,88.443,450.2985,494.6785
2603001,31.718400000000003,230.1,257.2872
2603002,42.112,305.5,341.596
2603003,34.540800000000004,250.57500000000002,280.1814
2603004,40.544,294.125,328.877
2603005,37.1616,269.5875,301.4403
2603006,37.9008,274.95,307.4364
2603100,50.0,255.0,296.0
2603201,40.872,339.3424,377.90880000000004
2603202,31.122,258.3924,287.7588
2603203,33.384,277.1728,308.67359999999996
2603204,33.150000000000006,275.23,306.51000000000005
2603205,24.102,200.1084,222.8508
2603206,28.509,236.6978,263.5986
2603207,25.779000000000003,214.03180000000003,238.35660000000001
2603208,34.281,284.6202,316.9674
2603209,28.314,235.0788,261.7956
2603210,28.743000000000002,238.6406,265.7622
2603211,27.612000000000002,229.2504,255.3048
2603212,28.509,236.6978,263.5986
2603213,25.584000000000003,212.4128,236.55360000000002
2603300,46.0,251.0,236.0
2700100,77.0,245.0,446.0
2700200,75.0,223.0,362.0
2700300,77.4178,218.4292,342.9132
2700400,103.3316,306.7326,389.91159999999996
2700500,70.25059999999999,218.83819999999997,297.17519999999996
2700600,81.0,260.0,440.0
2700700,83.0,300.0,459.0
2700800,104.0,296.0,594.0
2700900,80.0,334.0,496.0
2701000,64.0,161.0,309.0
2701101,38.3637,155.6381,244.52960000000002
2701102,42.816300000000005,173.70190000000002,272.91040000000004
2701103,41.82,169.66000000000003,266.56
2701201,75.24,217.8825,297.30249999999995
2701202,68.75999999999999,199.11749999999998,271.6975
2701301,66.7092,271.6708,366.6589
2701302,54.592800000000004,222.3272,300.06260000000003
2701303,69.60719999999999,283.47279999999995,382.58739999999995
2701304,85.0632,346.41679999999997,467.53939999999994
2701401,71.0946,265.3452,337.5594
2701402,68.5038,255.67559999999997,325.2582
2701403,70.7898,264.2076,336.1122
2701404,70.7136,263.9232,335.75039999999996
2701405,89.0778,332.4636,422.9442
2701406,82.8294,309.1428,393.27660000000003
2701407,84.5058,315.3996,401.2362
2701408,73.2282,273.3084,347.6898
2701409,73.0758,272.7396,346.9662
2701410,78.1812,291.7944,371.2068
2701501,68.9727,258.9303,372.00030000000004
2701502,63.8121,239.5569,344.1669
2701503,50.23350000000001,188.5815,270.9315
2701600,70.26259999999999,178.7694,258.8154
2701700,48.7374,187.2306,266.1846
2701800,66.0,192.0,329.0
2701900,65.0,213.0,464.0
2702000,72.0,210.0,437.0
2702100,65.0,208.0,482.0
2702200,66.0,225.0,322.0
2702300,74.0,241.0,434.0
2702400,55.0,217.0,412.0
2702500,71.0,291.0,397.0
2702600,72.0,243.0,343.0
2800100,40.0,306.0,278.0
2800200,25.0,177.0,274.0
2800300,23.0,145.0,211.0
2800400,34.0,261.0,316.0
2800500,35.0,284.0,335.0
2800600,42.0,290.0,417.0
2800700,22.0,170.0,248.0
2800800,31.0,163.0,305.0
2800900,37.518499999999996,221.0955,241.993
2801000,34.5906,208.4703,276.5304
2801100,36.2871,221.9298,318.6954
2801200,24.6038,157.5044,222.7812
2801300,39.0,324.0,413.0
2801400,9.0,124.0,227.0
2801500,23.0,174.0,303.0
2801600,35.0,225.0,410.0
2801700,15.0,167.0,307.0
2801800,41.0,334.0,392.0
2801900,23.0,221.0,214.0
2802000,65.0,430.0,411.0
2802100,34.0,226.0,239.0
2900100,34.0,149.0,335.0
2900200,35.0,197.0,308.0
2900300,44.0,212.0,383.0
2900400,36.0,171.0,317.0
2900500,41.0,246.0,468.0
2900600,84.0,395.0,468.0
2900700,36.0,210.0,394.0
2900800,29.0,196.0,317.0
2900901,33.3061,194.6765,243.93200000000002
2900902,34.1013,199.3245,249.756
2900903,51.5926,196.999,258.312
2901001,68.58,369.062,453.644
2901002,51.354,276.36060000000003,339.6972
2901003,51.84,278.976,342.91200000000003
2901004,41.04,220.856,271.472
2901005,57.186,307.74539999999996,378.27479999999997
2901100,25.0,176.0,268.0
2901200,29.0,201.0,317.0
2901300,43.0,157.0,261.0
2901400,78.0,293.0,342.0
2901500,32.0,213.0,278.0
2901600,41.0,190.0,281.0
2901701,42.763,208.362,231.60899999999998
2901702,53.148300000000006,258.9642,287.8569
2901703,53.1036,258.7464,287.6148
2901801,56.159800000000004,262.1203,327.4339
2901802,57.1132,266.5702,332.9926
2901803,50.8026,237.1161,296.1993
2901804,50.8026,237.1161,296.1993
2901805,53.571999999999996,250.04199999999997,312.346
2901806,51.846799999999995,241.9898,302.2874
2901807,72.0498,336.2853,420.07890000000003
2901808,61.6078,287.5483,359.19789999999995
2901901,68.224,405.5064,394.8464
2901902,91.776,545.4936,531.1536
2902001,23.022999999999996,134.134,226.7265
2902002,22.977,133.866,226.2735
2902100,31.0,180.0,325.0
2902200,42.0,238.0,368.0
2902300,25.0,166.0,257.0
2902400,17.0,155.0,222.0
2902500,22.0,164.0,297.0
2902601,56.8,257.44,393.48
2902602,51.3,318.915,377.055
2902603,51.888,322.5704,381.3768
2902700,144.0,302.0,364.0
2902800,46.0,323.0,464.0
3000100,144.0,376.0,419.0
3000200,206.0,473.0,635.0
3000300,203.0,462.0,508.0
3000400,171.0,383.0,428.0
3000500,257.0,514.0,540.0
3000600,136.8183,360.04920000000004,450.5738
3000700,118.1817,248.95080000000002,373.4262
3100100,48.0,259.0,401.0
3100200,79.0,341.0,620.0
3100300,47.0,221.0,389.0
3100400,50.0,219.0,384.0
3100500,76.0,268.0,411.0
3100600,63.0,262.0,545.0
3100701,58.0,184.0,297.0
3100702,65.0,257.0,319.0
3100801,78.7232,364.49920000000003,508.4656
3100802,67.2768,311.50079999999997,434.5344
3100901,92.44080000000001,418.7943,464.0778
3100902,80.4232,364.3497,403.7462
3100903,61.272,277.587,307.602
3100904,61.864,280.269,310.574
3200101,109.408,441.84000000000003,396.3936
3200102,66.35199999999999,267.96,240.39839999999998
3200103,84.24000000000001,340.2,305.208
3200200,131.0,344.0,333.0
3200300,75.0,304.0,278.0
3200401,76.38159999999999,284.5028,204.5136
3200402,77.978,290.449,208.788
3200403,112.976,420.808,302.496
3200404,90.872,338.476,243.31199999999998
3200405,83.1356,309.65979999999996,222.5976
3200406,86.3284,321.5522,231.1464
3200407,91.6088,341.2204,245.2848
3200408,120.7124,449.6242,323.2104
3200409,95.04719999999999,354.0276,254.4912
3200410,92.714,345.337,248.244
3200411,125.25599999999999,466.54799999999994,335.376
3200412,86.9424,323.8392,232.7904
3200413,88.0476,327.9558,235.7496
3300100,110.0,364.0,339.0
3300200,114.002,391.4309,421.1283
3300300,65.2379,341.4347,353.8861
3300400,60.593,230.86700000000002,398.07300000000004
3300500,64.0,224.0,288.0
3300600,52.6753,236.37709999999998,284.2878
3300700,103.48169999999999,386.37019999999995,449.4
3300800,54.4066,244.14619999999996,293.6316
3300900,65.6103,294.4221,354.0978
3301000,155.9932,536.9517999999999,579.4953999999999
3400101,46.0544,288.6624,287.0176
3400102,61.544,385.74899999999997,383.551
3400301,58.782000000000004,305.0604,394.2636
3400302,61.983,321.6726,415.7334
3400303,73.18650000000001,379.81530000000004,490.8777
3400304,64.35950000000001,334.00590000000005,431.67310000000003
3400305,54.999,285.4278,368.8902
3400306,55.5325,288.1965,372.4685
3400307,60.722,315.1284,407.2756
3400308,55.387,287.4414,371.4926
3400400,44.0467,302.7846,379.7934
3400501,41.4344,284.82719999999995,357.26879999999994
3400502,32.9029,226.1802,283.7058
3400503,32.616,224.208,281.23199999999997
3400601,45.4032,323.2876,303.1084
3400602,36.828,262.22900000000004,245.86100000000002
3400701,46.958400000000005,334.3612,313.49080000000004
3400702,43.9344,312.8292,293.3028
3400703,42.876000000000005,305.293,286.237
3400800,84.0,316.0,374.0
3400901,34.8192,246.1212,276.8688
3400902,34.075199999999995,240.8622,270.95279999999997
3400903,34.2488,242.0893,272.3332
3400904,32.488,229.643,258.332
3400905,33.5544,237.1809,266.8116
3400906,45.334399999999995,320.4484,360.48159999999996
3400907,33.480000000000004,236.65500000000003,266.22
3401001,54.562799999999996,262.83299999999997,306.4167
3401002,51.873200000000004,249.877,291.31230000000005
3401003,57.580400000000004,277.369,323.36310000000003
3401101,78.3068,288.97,299.2264
3401102,83.2611,307.2525,318.1578
3401103,81.0966,299.265,309.8868
3401104,77.4891,285.9525,296.10179999999997
3401105,82.3953,304.0575,314.8494
3401106,78.403,289.325,299.594
3401201,53.894800000000004,237.7002,285.7631
3401202,50.276799999999994,221.74319999999997,266.57959999999997
3401203,64.4004,284.0346,341.46630000000005
3401204,50.678799999999995,223.5162,268.7111
3401205,48.7492,215.0058,258.4799
3401301,60.822,330.0084,419.86800000000005
3401302,48.763,264.5786,336.622
3401401,44.144,239.5168,304.736
3401402,74.49300000000001,404.18460000000005,514.2420000000001
3401403,41.633,225.89260000000002,287.402
3401404,40.145,217.81900000000002,277.13
3401501,82.99019999999999,342.7971,421.5585
3401502,82.6134,341.2407,419.6445
3401503,72.22,298.31,366.85
3401504,76.2078,314.7819,387.1065
3401600,65.0,265.0,390.0
3401700,42.0,244.0,308.0
3401800,44.0181,283.4393,362.6253
3401901,37.0629,238.6537,305.3277
3401902,35.8722,230.9866,295.5186
3401903,35.475300000000004,228.4309,292.2489
3401904,36.5715,235.4895,301.2795
3402001,50.3384,237.26919999999998,299.768
3402002,61.2676,288.7838,364.85200000000003
3402003,66.394,312.947,395.38
3402101,38.454,251.6765,301.9625
3402102,37.1904,243.4064,292.04
3402103,44.5536,291.5976,349.86
3402104,35.802,234.3195,281.1375
3402201,44.1,238.95000000000002,312.75
3402202,53.900000000000006,292.05,382.25000000000006
3402301,53.6759,270.6846,353.33889999999997
3402302,63.9123,322.3062,420.7233
3402303,45.4118,229.00920000000002,298.93780000000004
3402400,28.924,164.86679999999998,259.5929
3402500,30.076,158.1332,258.4071
3402600,147.4016,684.5886,410.4314
3500100,20.9378,175.8648,185.6356
3500200,24.0622,152.1352,203.3644
3500300,57.0,231.0,240.0
3500400,28.0,182.0,253.0
3500500,154.0,366.0,439.0
3500600,29.0,151.0,161.0
3500700,17.7952,131.048,140.6544
3500801,36.4236,207.264,222.19920000000002
3500802,36.590900000000005,208.216,223.21980000000002
3500803,37.523,213.52,228.906
3500804,37.2601,212.024,227.30220000000003
3500805,42.303,240.72,258.066
3500806,40.080299999999994,228.07199999999997,244.5066
3500900,18.0,178.0,180.0
3501001,21.717,148.64079999999998,157.3276
3501002,23.282999999999998,159.3592,168.67239999999998
3501100,58.0,234.0,295.0
3501200,24.0,228.0,279.0
3600100,25.0,208.0,226.0
3600200,114.0,430.0,356.0
3600300,125.0,384.0,317.0
3600401,52.346500000000006,262.698,258.028
3600402,72.1721,386.7864,381.1808
3600403,60.4814,268.5156,248.7912
3600500,83.0,318.0,327.0
3600600,48.0,246.0,261.0
3600701,68.376,337.218,383.838
3600702,58.498000000000005,288.5015,328.3865
3600703,76.516,377.363,429.533
3600704,63.587999999999994,229.809,265.119
3600800,58.0,220.0,276.0
3600901,59.669999999999995,285.363,302.91299999999995
3600902,49.436,236.4204,250.9604
3600903,46.716,223.4124,237.1524
3600904,56.882000000000005,272.0298,288.7598
3600905,47.702000000000005,228.1278,242.1578
3600906,79.594,380.6466,404.0566
3601000,45.0,181.0,242.0
3601101,41.5083,241.0482,240.5481
3601102,41.4917,240.9518,240.4519
3601201,45.6995,264.2262,293.4264
3601202,51.2435,296.2806,329.0232
3601203,45.43,262.668,291.69599999999997
3601204,63.294,365.95439999999996,406.3968
3601205,60.984,352.5984,391.56480000000005
3601206,48.471500000000006,280.2534,311.2248
3601207,69.8775,404.019,448.668
3601300,52.0,208.0,259.0
3601400,83.0,342.0,339.0
3601500,66.0,265.0,274.0
3601600,40.0,216.0,234.0
3601700,51.0,317.0,308.0
3601801,67.821,245.31,223.184
3601802,73.179,264.69,240.816
3601900,42.0,362.0,342.0
3602001,58.7664,344.9028,372.1872
3602002,109.2336,641.0972,691.8128
3602100,107.0,303.0,258.0
3602201,47.026999999999994,324.10499999999996,323.4695
3602202,38.844800000000006,229.55200000000002,252.2568
3602203,62.1356,233.394,268.32460000000003
3602300,61.0,276.0,229.0
3602401,40.1521,216.1646,241.5041
3602402,38.8479,217.83540000000002,233.4959
3602500,38.0,267.0,325.0
3602600,66.0,303.0,397.0
3602701,78.3335,286.9884,289.9237
3602702,133.6665,418.01160000000004,375.0763
3602801,74.6808,323.6168,328.7672
3602802,99.3192,430.3832,437.2328
3602901,53.7264,290.6982,312.76439999999997
3602902,55.944,302.697,325.67400000000004
3602903,58.3296,315.6048,339.5616
3603001,67.95750000000001,262.2165,345.0915
3603002,68.0805,262.6911,345.7161
3603003,68.96199999999999,266.0924,350.19239999999996
3603101,99.971,218.1874,310.3393
3603102,112.712,411.0128,534.0696
3603103,103.222,376.4068,489.1026
3603104,90.958,331.6852,430.9914
3603105,124.903,455.4682,591.8349000000001
3603106,150.745,549.703,714.2835
3603107,145.489,530.5366,689.3787
3603201,76.2507,311.4477,418.2489
3603202,75.8863,309.9593,416.2501
3603203,68.9627,281.6797,378.2729
3603204,77.7083,317.4013,426.2441
3603205,77.2528,315.5408,423.7456
3603206,97.9325,400.0075,537.1775
3603207,77.6172,317.0292,425.7444
3603208,72.88,297.68,399.76
3603209,71.2402,290.98220000000003,390.76540000000006
3603210,70.6936,288.7496,387.7672
3603211,73.3355,299.5405,402.2585
3603212,71.3313,291.35429999999997,391.26509999999996
3603301,63.543600000000005,257.3208,329.6196
3603302,62.893299999999996,254.6874,326.24629999999996
3603303,73.2981,296.8218,380.21909999999997
3603304,74.41290000000001,301.3362,386.00190000000003
3603305,85.0964,344.5992,441.42040000000003
3603306,81.10170000000001,328.4226,420.69870000000003
3603307,78.5005,317.889,407.20550000000003
3603308,68.4673,277.2594,355.1603
3603309,63.079100000000004,255.43980000000002,327.2101
3603310,80.0798,324.2844,415.3978
3603311,65.5874,265.5972,340.22139999999996
3603312,62.521699999999996,253.1826,324.3187
3603313,70.3253,284.78340000000003,364.79830000000004
3603701,12.261700000000001,152.5293,172.2105
3603702,15.6843,195.1047,220.2795
3603703,13.031,162.09900000000002,183.01500000000001
3603704,14.035799999999998,174.5982,197.12699999999998
3603705,18.2905,227.52450000000002,256.8825
3603706,14.443999999999999,179.676,202.85999999999999
3603707,15.2133,189.2457,213.6645
3603708,15.7942,196.4718,221.82299999999998
3603709,20.567,255.84300000000002,288.855
3603710,17.6939,220.10309999999998,248.50349999999997
3603801,615.4832,1242.1092,1379.078
3603802,394.7548,796.6563,884.5045
3603803,367.71680000000003,742.0908000000001,823.922
3603804,364.2756,735.1461,816.2115
3603805,681.8492,1376.0427,1527.7804999999998
3603806,601.2268,1213.3383000000001,1347.1345000000001
3603807,448.3392,904.7952,1004.568
3603808,468.00320000000005,944.4792000000001,1048.6280000000002
3603809,511.26399999999995,1031.7839999999999,1145.56
3603810,463.08720000000005,934.5582,1037.613
3603901,49.4885,301.0266,351.8803
3603902,41.150999999999996,250.3116,292.5978
3603903,54.375,330.75,386.625
3604001,77.4535,358.4065,363.5897
3604002,67.854,313.986,318.5268
3604003,70.48400000000001,326.156,330.8728
3604004,62.1995,287.82050000000004,291.98290000000003
3604005,55.6245,257.39549999999997,261.11789999999996
3604006,64.56649999999999,298.7735,303.0943
3604007,62.7255,290.2545,294.4521
3604008,81.1355,375.4445,380.8741
3604009,101.64949999999999,470.37049999999994,477.17289999999997
3604010,71.273,329.807,334.5766
3604011,56.282,260.438,264.20439999999996
3604012,77.322,357.798,362.9724
3604013,63.909,295.731,300.0078
3604014,85.8695,397.35049999999995,403.0969
3604015,83.23949999999999,385.1805,390.75089999999994
3604016,77.585,359.015,364.207
3604017,95.33749999999999,441.16249999999997,447.54249999999996
3604018,60.227000000000004,278.693,282.7234
3604101,45.298,426.8165,474.9261
3604102,47.675999999999995,449.22299999999996,499.85819999999995
3604103,64.554,608.2545,676.8153
3604104,30.392000000000003,286.366,318.6444
3604105,49.068,462.339,514.4526
3604106,40.02,377.08500000000004,419.58900000000006
3604107,37.99,357.95750000000004,398.3055
3604108,29.116,274.343,305.2662
3604109,34.8,327.9,364.86
3604110,44.312,417.52599999999995,464.5884
3604111,37.178000000000004,350.3065,389.7921
3604112,57.594,542.6745,603.8433
3604113,32.074,302.2145,336.27930000000003
3604114,29.869999999999997,281.4475,313.1715
3700100,76.0,282.0,359.0
3700200,43.0,259.0,352.0
3700300,38.0,191.0,305.0
3700400,25.0,124.0,246.0
3700500,20.8252,130.0071,261.9583
3700600,21.1748,140.9929,253.0417
3700700,28.0,214.0,273.0
3700800,80.0,342.0,317.0
3700900,34.0,214.0,295.0
3701000,20.0,149.0,227.0
3701100,42.0,270.0,331.0
3701201,70.608,344.214,390.5505
3701202,67.152,327.366,371.4345
3701203,53.903999999999996,262.782,298.1565
3701204,58.224000000000004,283.842,322.05150000000003
3701205,54.96,267.93,303.9975
3701206,54.815999999999995,267.228,303.20099999999996
3701207,66.72,325.26000000000005,369.045
3701208,53.568000000000005,261.144,296.298
3701301,65.3976,385.002,378.1458
3701302,58.6024,344.998,338.8542
3701400,79.0,303.0,319.0
3701500,43.0,193.0,331.0
3701600,54.0,310.0,346.0
3701701,52.60640000000001,292.8244,349.72520000000003
3701702,44.002,244.92950000000002,292.5235
3701703,45.9816,255.9486,305.6838
3701704,53.39039999999999,297.1884,354.93719999999996
3701801,44.6702,229.347,271.6188
3701802,50.6749,260.17650000000003,308.1306
3701803,53.6549,275.4765,326.25059999999996
3701900,41.816,158.528,260.4416
3702000,35.0,148.0,276.0
3702100,34.0,198.0,302.0
3702201,93.3325,371.81649999999996,407.63599999999997
3702202,91.6675,365.1835,400.364
3702300,44.5508,219.3588,280.3864
3702400,57.4492,241.6412,305.6136
3702500,65.0,253.0,415.0
3702600,51.211200000000005,210.4208,412.236
3702700,36.7888,189.57920000000001,359.764
3702800,54.0,334.0,436.0
3702900,101.184,282.472,389.55839999999995
3703001,21.7536,177.4896,277.8528
3703002,22.2464,181.5104,284.14720000000005
3703101,68.2487,287.51579999999996,304.7176
3703102,75.9473,319.9482,339.0904
3703103,72.8923,307.0782,325.4504
3703104,94.46059999999999,397.94039999999995,421.74879999999996
3703105,66.78229999999999,281.3382,298.1704
3703106,91.22229999999999,384.29819999999995,407.2904
3703107,72.098,303.73199999999997,321.904
3703108,69.3485,292.149,309.628
3703200,74.86,290.45680000000004,363.81960000000004
3703300,48.14,201.5432,296.1804
3703400,60.0,207.0,334.0
3703500,36.0,221.0,340.0
3703600,35.0,189.0,296.0
3703700,53.0,254.0,301.0
3703800,23.0,151.0,191.0
3703900,16.0,145.0,236.0
3704000,27.0,188.0,288.0
3704100,20.2209,176.6146,231.7431
3704200,53.0,339.0,352.0
3704300,31.0,186.0,236.0
3704400,83.0,320.0,358.0
3704500,31.7791,274.3854,247.2569
3704600,68.23400000000001,282.82849999999996,289.523
3704700,116.766,538.1715,510.47700000000003
3704800,71.0,279.0,218.0
3704900,15.8126,139.5078,190.7512
3705001,25.5375,214.51500000000001,224.73000000000002
3705002,24.6225,206.82899999999998,216.678
3705003,24.84,208.656,218.59199999999998
3705100,16.1874,138.4922,194.2488
3705200,23.0,127.0,248.0
3705300,35.1552,167.213,269.85339999999997
3705400,39.8448,168.787,276.1466
3800100,116.0,503.0,717.0
3800200,71.0,309.0,465.0
3800300,66.0,254.0,488.0
3800400,69.0,252.0,355.0
3800500,118.0,388.0,505.0
3900100,21.0,225.0,363.0
3900200,37.6036,232.6935,294.1878
3900300,50.318000000000005,334.0439,344.0562
3900400,43.5168,289.5076,294.9472
3900500,47.8368,318.2476,324.2272
3900600,70.73479999999999,269.5743,274.6478
3900700,89.0,329.0,342.0
3900801,46.1344,214.7024,282.5732
3900802,57.8656,269.2976,354.4268
3900901,37.422000000000004,234.252,257.418
3900902,51.744,323.904,355.93600000000004
3900903,41.6262,260.5692,286.3378
3900904,45.2298,283.1268,311.1262
3900905,36.775200000000005,230.2032,252.96880000000002
3900906,45.045,281.97,309.855
3900907,37.791599999999995,236.5656,259.9604
3900908,61.908,387.528,425.85200000000003
3900909,53.6844,336.05039999999997,369.2836
3900910,50.7738,317.8308,349.2622
3901000,34.4835,216.0675,247.4955
3901100,37.1458,232.749,266.6034
3901200,53.3707,202.18349999999998,300.9011
3901300,38.0,201.0,228.0
3901400,40.0843,245.343,304.4455
3901500,54.4962,418.6299,506.9798
3901600,36.4195,200.02710000000002,251.5747
3901700,45.0,292.0,314.0
3901801,41.8497,246.4716,304.3041
3901802,40.1184,236.2752,291.7152
3901803,38.7453,228.1884,281.7309
3901804,39.9592,235.3376,290.55760000000004
3901805,38.3274,225.72719999999998,278.6922
3901900,72.0,295.0,405.0
3902000,29.0,177.0,291.0
3902100,32.0,173.0,329.0
3902200,37.0,203.0,324.0
3902300,36.0,220.0,352.0
3902400,40.0,225.0,293.0
3902500,40.0,201.0,301.0
3902600,47.0,222.0,343.0
3902700,42.0,176.0,255.0
3902800,42.0,212.0,345.0
3902900,31.0,153.0,300.0
3903000,39.0,202.0,344.0
3903100,46.6956,271.2792,364.2998
3903200,46.141200000000005,268.0584,359.9746
3903300,45.1506,231.5892,324.6273
3903400,28.0,165.0,287.0
3903500,37.0,226.0,382.0
3903600,22.0,162.0,253.0
3903700,36.0,210.0,285.0
3903800,69.0,294.0,327.0
3903900,47.0,250.0,299.0
3904000,87.0,453.0,400.0
3904101,37.1917,243.35739999999998,230.03109999999998
3904102,36.8074,240.84279999999998,227.6542
3904103,37.277100000000004,243.9162,230.5593
3904104,36.8501,241.1222,227.91830000000002
3904105,39.9245,261.239,246.9335
3904106,46.3722,303.4284,286.81260000000003
3904107,37.533300000000004,245.5926,232.1439
3904108,40.992,268.224,253.536
3904109,37.3198,244.1956,230.82340000000002
3904110,39.3694,257.6068,243.5002
3904111,37.3198,244.1956,230.82340000000002
3904200,46.0,192.0,284.0
3904300,34.0,191.0,288.0
3904400,26.0,173.0,266.0
3904500,41.0,206.0,352.0
3904601,33.7146,206.1465,241.689
3904602,39.9562,244.3105,286.433
3904603,53.618,327.845,384.37
3904604,38.7112,236.69799999999998,277.508
3904700,37.0,325.0,335.0
3904800,27.0,167.0,200.0
3904900,21.0,142.0,184.0
3905000,22.0,211.0,236.0
3905100,22.0,180.0,238.0
3905200,28.0,140.0,212.0
3905301,41.3868,168.5034,215.3099
3905302,42.6132,173.4966,221.6901
3905401,31.105999999999998,202.642,228.614
3905402,36.9667,240.8219,271.6873
3905403,34.9273,227.5361,256.69870000000003
3905501,45.770999999999994,264.7783,280.8675
3905502,60.588,350.49240000000003,371.79
3905503,44.748,258.86039999999997,274.59
3905504,49.83,288.259,305.775
3905505,42.9,248.17000000000002,263.25
3905506,43.196999999999996,249.88809999999998,265.0725
3905507,42.933,248.3609,263.4525
3905600,42.275999999999996,194.46959999999999,240.648
3905700,34.724000000000004,149.5304,198.352
4000100,48.833,240.76999999999998,374.725
4000200,23.0,154.0,147.0
4000300,26.0,213.0,307.0
4000400,30.0,185.0,301.0
4000500,22.0,211.0,397.0
4000601,22.269000000000002,179.865,202.9905
4000602,26.731,173.135,249.0095
4000701,42.3556,203.9592,269.026
4000702,29.644399999999997,188.0408,268.974
4000800,27.0,215.0,250.0
4000900,88.0,543.0,483.0
4001001,40.538700000000006,279.9931,296.7026
4001002,56.8881,392.9153,416.36379999999997
4001003,51.0012,352.25559999999996,373.2776
4001004,43.7472,302.1536,320.18559999999997
4001005,45.449099999999994,313.9083,332.6418
4001006,41.319900000000004,285.38870000000003,302.4202
4001101,24.2176,168.7952,253.7492
4001102,36.7824,194.2048,258.2508
4001201,79.8124,507.6592,583.8735
4001202,77.9336,495.70880000000005,570.129
4001203,46.6772,296.8976,341.4705
4001204,54.1118,321.91420000000005,400.30080000000004
4001301,19.6569,123.10149999999999,192.66389999999998
4001302,30.5101,225.1285,277.6111
4001400,45.0,214.0,331.0
4001501,39.5376,272.17359999999996,326.272
4001601,27.9274,152.64659999999998,211.95420000000001
4100100,53.0,270.0,341.0
4100200,55.0,263.0,305.0
4100300,40.0,275.0,275.0
4100400,146.0,535.0,531.0
4100500,80.0,568.0,423.0
4100600,74.0,412.0,487.0
4100703,69.87469999999999,364.3178,359.0671
4100704,51.2945,267.443,263.5885
4100705,51.830799999999996,270.2392,266.3444
4100800,62.0,397.0,349.0
4100901,59.9204,263.04040000000003,231.5568
4100902,58.079600000000006,254.95960000000002,224.44320000000002
4101000,31.0,226.0,244.0
4101103,42.406,236.1688,236.8212
4101104,42.093999999999994,234.4312,235.07879999999997
4101105,45.5,253.39999999999998,254.1
4101200,46.0,344.0,372.0
4101301,84.8232,445.06000000000006,389.40880000000004
4101302,93.7251,491.7675,430.2759
4101303,83.1222,436.13500000000005,381.5998
4101305,85.50359999999999,448.63,392.5324
4101314,98.6013,517.3525,452.6617
4101316,121.2813,636.3525,556.7817
4101317,53.001,224.23499999999999,273.159
4101318,85.41,361.35,440.19
4101319,56.589000000000006,239.41500000000002,291.651
4101320,54.598800000000004,258.25440000000003,248.7048
4101321,51.022,241.336,232.412
4101322,52.2318,247.0584,237.9228
4101323,53.4679,252.9052,243.5534
4101324,51.679500000000004,244.446,235.407
4200101,44.3346,224.0064,299.45300000000003
4200102,69.66539999999999,351.9936,470.54699999999997
4200200,48.0,230.0,371.0
4200300,56.0,353.0,600.0
4200400,30.0,205.0,310.0
4200500,72.0,260.0,391.0
4200600,65.0,336.0,401.0
4200701,37.595,286.34000000000003,285.31
4200702,41.405,324.65999999999997,341.69
4200801,38.4384,285.0848,314.71439999999996
4200802,38.1984,283.3048,312.7494
4200803,43.3632,290.6104,340.5362
4200900,49.0,319.0,468.0
4201000,25.0,200.0,315.0
4201100,43.0,271.0,459.0
4201200,83.0,296.0,374.0
4201300,38.0,284.0,483.0
4201400,44.0,243.0,364.0
4201501,27.554299999999998,178.5545,331.6089
4201502,42.4457,275.4455,434.3911
4201600,85.0,357.0,577.0
4201701,96.09989999999999,518.2358999999999,620.2520999999999
4201702,55.7728,300.7648,359.97119999999995
4201801,51.2653,276.4573,330.8787
4201802,75.726,408.366,488.754
4201803,61.1818,329.9338,394.8822
4201804,87.02480000000001,469.2968,561.6792
4201805,56.9147,306.9227,367.34130000000005
4201806,61.903,333.823,399.537
4201807,55.1117,297.1997,355.7043
4201900,37.0,241.0,445.0
4202001,45.2249,205.6188,298.8776
4202002,67.8776,308.6112,448.58239999999995
4202003,47.8814,217.6968,316.4336
4202100,48.0,273.0,461.0
4202200,61.0,328.0,574.0
4202301,37.2328,259.4512,422.6768
4202302,47.7672,313.5488,470.32320000000004
4202401,69.79350000000001,351.31350000000003,583.5675
4202402,49.2065,247.6865,411.4325
4202500,47.0,201.0,413.0
4202600,34.0,237.0,393.0
4202701,43.7913,215.3817,330.669
4202702,50.773799999999994,249.7242,383.394
4202703,52.4349,257.89410000000004,395.937
4202801,55.3012,238.18800000000002,324.08799999999997
4202802,54.787800000000004,314.922,422.772
4202803,42.8879,246.521,330.946
4202901,62.6022,385.57130000000006,446.817
4202902,53.420899999999996,331.79769999999996,377.377
4203001,62.7396,288.5168,384.97360000000003
4203002,65.8266,302.71279999999996,403.9156
4203003,81.73200000000001,375.85600000000005,501.51200000000006
4203004,83.67240000000001,384.7792,513.4184
4203101,78.2136,331.7688,442.188
4203102,67.0599,284.4567,379.1295
4203103,75.276,319.308,425.58000000000004
4203104,69.3549,294.1917,392.10450000000003
4203105,72.7974,308.7942,411.56699999999995
4203106,96.2982,408.4806,544.4309999999999
4203201,48.8592,409.97880000000004,368.42760000000004
4203202,41.0436,344.3979,309.4933
4203203,40.482,339.6855,305.25849999999997
4203204,49.467600000000004,415.0839,373.0153
4203205,49.6548,416.6547,374.4269
4203206,41.6988,349.8957,314.4339
4203207,34.866,292.56149999999997,262.9105
4203208,37.8144,317.3016,285.1432
4203209,39.4524,331.0461,297.4947
4203210,45.9108,385.23870000000005,346.1949
4203211,38.797200000000004,325.5483,292.5541
4203301,51.1428,261.1098,335.9472
4203302,63.677800000000005,325.1073,418.28720000000004
4203303,56.614599999999996,289.04609999999997,371.8904
4203304,46.5866,237.8481,306.0184
4203401,56.0476,218.1312,315.2948
4203402,67.599,263.088,380.277
4203403,74.8769,291.4128,421.2187
4203404,60.4506,235.2672,340.0638
4203501,41.2896,217.44359999999998,386.41679999999997
4203502,37.775200000000005,198.9357,353.52660000000003
4203503,59.800000000000004,314.925,559.65
4203504,45.1352,237.6957,422.40659999999997
4203601,58.3083,279.3463,454.65229999999997
4203602,43.6815,209.27149999999997,340.6015
4203603,51.0102,244.38219999999998,397.7462
4203701,56.0507,216.7464,345.6997
4203702,40.9493,207.2536,400.3003
4203800,49.0,230.0,495.0
4203900,40.0,242.0,361.0
4204001,63.909600000000005,276.9416,423.3152
4204002,34.0904,187.0584,299.6848
4400101,55.8414,381.2382,389.511
4400102,68.7204,469.16519999999997,479.346
4400103,69.03630000000001,471.3219,481.5495
4400104,49.401900000000005,337.2747,344.5935
4400201,73.0,438.0,487.0
4400300,137.0,451.0,423.0
4400400,139.0,382.0,359.0
4500101,60.0,346.0,469.0
4500102,44.974000000000004,258.092,292.444
4500103,69.0729,396.38820000000004,449.1474
4500104,47.182900000000004,270.7682,306.80740000000003
4500105,46.7503,289.6374,380.47180000000003
4500200,54.0,351.0,458.0
4500301,30.0366,222.4332,308.0781
4500302,43.9634,325.5668,450.9219
4500400,30.0,207.0,404.0
4500501,37.912,192.4034,272.4925
4500502,42.088,213.5966,302.5075
4500601,51.3628,293.366,446.7556
4500602,39.6372,234.63400000000001,341.2444
4500603,44.2736,334.0306,434.9752
4500604,59.113600000000005,423.29560000000004,519.3552000000001
4500605,38.6128,161.6738,246.6696
4500700,22.0,197.0,337.0
4500800,32.0,238.0,362.0
4500900,45.0,350.0,474.0
4501000,51.0,239.0,314.0
4501101,119.175,527.7069,355.6182
4501102,130.825,579.2931,390.3818
4501201,36.3348,228.2301,284.4148
4501202,153.5016,689.6768,649.7532
4501203,81.2418,393.1006,395.5483
4501204,91.9218,469.9925,498.28369999999995
4501300,33.0,285.0,412.0
4501400,124.0,552.0,497.0
4501500,59.0,274.0,383.0
4501600,19.0,159.0,224.0
4600100,175.0,447.0,627.0
4600200,58.0,151.0,281.0
4600300,102.0,314.0,495.0
4600400,89.0,309.0,478.0
4600500,89.15769999999999,280.62919999999997,407.6452
4600600,152.8423,384.3708,508.35479999999995
4700100,28.0,193.0,335.0
4700200,35.0,207.0,322.0
4700300,43.0,363.0,342.0
4700400,31.0,253.0,332.0
4700500,70.0,251.0,361.0
4700600,17.0,144.0,214.0
4700700,34.0,221.0,244.0
4700800,19.0,142.0,201.0
4700900,23.0,120.0,179.0
4701000,27.308,165.75799999999998,203.5366
4701100,40.692,210.24200000000002,262.46340000000004
4701200,23.0,218.0,317.0
4701300,44.0,276.0,331.0
4701400,32.0,162.0,247.0
4701500,124.0,407.0,323.0
4701601,31.6632,161.8084,249.088
4701602,43.343399999999995,239.8833,288.95599999999996
4701603,69.4782,384.5259,463.188
4701604,56.51519999999999,312.7824,376.768
4701700,30.0,175.0,288.0
4701800,36.0,199.0,313.0
4701900,45.0,265.0,380.0
4702001,48.2232,282.54720000000003,336.8832
4702002,44.5738,261.1648,311.3888
4702003,49.202999999999996,288.28799999999995,343.72799999999995
4702100,10.0,138.0,168.0
4702200,29.0,208.0,281.0
4702300,45.0,219.0,292.0
4702401,32.13,253.827,239.598
4702402,37.870000000000005,299.173,282.40200000000004
4702501,212.5459,461.4204,468.0256
4702502,150.6472,327.04319999999996,331.72479999999996
4702503,165.1533,358.53479999999996,363.6672
4702504,170.289,369.684,374.976
4702505,202.3646,439.31759999999997,445.6064
4702600,311.0,493.0,597.0
4702700,33.0,270.0,327.0
4702800,12.0,137.0,188.0
4702900,20.0,171.0,275.0
4703000,30.0,230.0,284.0
4703100,16.0,101.0,190.0
4703201,37.138099999999994,260.1208,282.3112
4703202,33.0893,231.7624,251.5336
4703203,29.715300000000003,208.1304,225.8856
4703204,27.0884,189.7312,205.9168
4703205,27.8596,195.1328,211.7792
4703206,31.546899999999997,220.95919999999998,239.8088
4703207,27.6668,193.7824,210.3136
4703208,26.8474,188.04319999999998,204.0848
4800100,46.0,294.0,567.0
4800200,51.0,314.0,338.0
4800300,35.0,208.0,300.0
4800400,15.0,188.0,335.0
4800501,40.9734,251.4642,272.3526
4800502,61.0266,374.53580000000005,405.64740000000006
4800600,27.0,218.0,418.0
4800700,32.0,269.0,335.0
4800800,52.0,307.0,424.0
4800900,65.0,337.0,377.0
4801000,29.0,246.0,401.0
4801100,21.0,231.0,334.0
4801200,21.0,138.0,218.0
4801300,30.0,179.0,262.0
4801400,25.0,186.0,227.0
4801501,28.764,202.7862,301.5426
4801502,31.235999999999997,220.2138,327.45739999999995
4801600,47.0,319.0,392.0
4801700,15.0,136.0,228.0
4801800,34.0,205.0,245.0
4801901,52.035199999999996,303.303,251.692
4801902,51.1152,297.9405,247.242
4801903,48.1712,280.78049999999996,233.00199999999998
4801904,54.758399999999995,319.176,264.864
4801905,55.8256,325.3965,270.026
4801906,48.7968,284.42699999999996,236.028
4801907,57.2976,333.9765,277.146
4802001,40.8576,244.82639999999998,205.7244
4802002,39.5008,236.69619999999998,198.8927
4802003,45.184,270.751,227.5085
4802004,42.624,255.411,214.6185
4802005,43.6224,261.3936,219.6456
4802006,44.2112,264.92179999999996,222.6103
4802101,46.0,244.0,342.0
4802102,35.0,252.0,312.0
4802200,55.0,267.0,340.0
4802301,33.5575,238.9294,218.665
4802302,32.7825,233.4114,213.61499999999998
4802303,38.6725,275.3482,251.995
4802304,32.86,233.9632,214.12
4802305,40.61,289.14320000000004,264.62
4802306,39.68,282.52160000000003,258.56
4802307,37.2,264.86400000000003,242.4
4802308,34.255,243.89560000000003,223.21
4802309,35.495,252.7244,231.29
4802310,33.402499999999996,237.8258,217.655
4802311,34.875,248.31,227.25
4802312,35.572500000000005,253.27620000000002,231.79500000000002
4802313,35.1075,249.9654,228.765
4802314,37.82,269.27840000000003,246.44000000000003
4802315,35.805,254.9316,233.31
4802316,33.402499999999996,237.8258,217.655
4802317,32.86,233.9632,214.12
4802318,33.945,241.6884,221.19
4802319,35.4175,252.1726,230.785
4802320,33.17,236.1704,216.14
4802321,34.565,246.1028,225.23
4802322,33.79,240.5848,220.18
4802400,45.0,192.0,261.0
4802501,32.126400000000004,226.4562,224.0118
4802502,34.5,243.1875,240.5625
4802503,39.3576,277.42830000000004,274.4337
4802504,32.181599999999996,226.84529999999998,224.39669999999998
4802505,30.8568,217.5069,215.1591
4802506,32.6784,230.34720000000002,227.8608
4802507,34.3896,242.4093,239.7927
4802508,32.292,227.6235,225.1665
4802509,40.5168,285.5994,282.51660000000004
4802510,34.5,243.1875,240.5625
4802511,32.6232,229.9581,227.4759
4802512,32.4576,228.7908,226.3212
4802513,38.0328,268.0899,265.1961
4802514,37.9776,267.7008,264.8112
4802515,31.519199999999998,222.1761,219.7779
4802516,35.990399999999994,253.6932,250.95479999999998
4802600,38.0,319.0,528.0
4802700,54.0,276.0,347.0
4802800,20.0,188.0,276.0
4802900,40.0,238.0,303.0
4803000,57.0,315.0,431.0
4803100,43.0,262.0,372.0
4803200,14.0,216.0,261.0
4803301,31.0386,267.5562,205.6524
4803302,35.477799999999995,305.82259999999997,235.06519999999998
4803303,29.2486,252.12619999999998,193.7924
4803304,24.576700000000002,211.8539,162.83780000000002
4803305,28.819,248.423,190.946
4803306,29.839299999999998,257.2181,197.7062
4803400,44.0,290.0,419.0
4803501,39.568,274.9976,322.4792
4803502,40.431999999999995,281.00239999999997,329.52079999999995
4803601,37.0,260.0,346.0
4803602,73.0,471.0,408.0
4803700,28.0,206.0,339.0
4803801,33.089999999999996,206.9228,263.8376
4803802,41.91,262.0772,334.1624
4803900,28.0,211.0,282.0
4804000,35.0,228.0,332.0
4804100,14.0,104.0,223.0
4804200,31.0,208.0,265.0
4804301,28.5386,203.4526,271.577
4804302,33.4614,238.54739999999998,318.423
4804400,16.0,148.0,186.0
4804501,49.2656,284.4788,292.2892
4804502,41.196799999999996,237.88639999999998,244.4176
4804503,37.3592,215.7266,221.6494
4804504,36.178399999999996,208.9082,214.6438
4804601,32.1264,247.0476,225.6576
4804602,33.2904,255.9986,233.8336
4804603,32.9412,253.3133,231.3808
4804604,35.1528,270.3202,246.9152
4804605,33.2904,255.9986,233.8336
4804606,30.7296,236.3064,215.8464
4804607,29.5656,227.3554,207.6704
4804608,28.750799999999998,221.0897,201.9472
4804609,35.7348,274.7957,251.00320000000002
4804610,29.5656,227.3554,207.6704
4804611,29.3328,225.5652,206.0352
4804612,29.2164,224.67010000000002,205.2176
4804613,30.3804,233.6211,213.39360000000002
4804614,29.9148,230.04070000000002,210.1232
4804615,29.2164,224.67010000000002,205.2176
4804616,30.4968,234.5162,214.21120000000002
4804617,30.0312,230.9358,210.9408
4804618,29.2164,224.67010000000002,205.2176
4804619,28.9836,222.8799,203.58239999999998
4804620,28.9836,222.8799,203.58239999999998
4804621,29.3328,225.5652,206.0352
4804622,29.682,228.2505,208.488
4804623,29.2164,224.67010000000002,205.2176
4804624,30.4968,234.5162,214.21120000000002
4804625,31.7772,244.3623,223.2048
4804626,32.824799999999996,252.41819999999998,230.5632
4804627,31.6608,243.4672,222.38719999999998
4804628,30.6132,235.4113,215.0288
4804629,31.311600000000002,240.7819,219.9344
4804630,28.6344,220.1946,201.1296
4804631,33.4068,256.8937,234.6512
4804632,28.9836,222.8799,203.58239999999998
4804633,28.6344,220.1946,201.1296
4804634,28.9836,222.8799,203.58239999999998
4804635,30.0312,230.9358,210.9408
4804636,30.3804,233.6211,213.39360000000002
4804637,32.3592,248.8378,227.2928
4804638,28.9836,222.8799,203.58239999999998
4804701,57.294,345.88599999999997,339.52
4804702,50.705999999999996,306.114,300.47999999999996
4804801,25.1405,185.7785,194.2675
4804802,26.6805,197.15849999999998,206.1675
4804803,25.179000000000002,186.06300000000002,194.565
4804901,34.338,213.816,190.09799999999998
4804902,39.3626,245.1032,217.9146
4804903,34.726,216.232,192.24599999999998
4804904,41.9816,261.4112,232.4136
4804905,43.5724,271.3168,241.22039999999998
4805000,55.0,269.0,426.0
4805100,45.0,275.0,360.0
4805201,49.201600000000006,256.4366,286.9202
4805202,44.5096,231.9821,259.5587
4805203,43.5896,227.1871,254.1937
4805204,46.699200000000005,243.3942,272.3274
4805301,76.9012,324.1212,326.3304
4805302,73.39240000000001,309.3324,311.4408
4805303,89.182,375.882,378.444
4805304,86.258,363.558,366.036
4805305,75.7316,319.1916,321.36719999999997
4805306,95.2493,401.4543,404.1906
4805307,78.3632,330.2832,332.5344
4805308,80.5562,339.5262,341.84040000000005
4805309,75.3661,317.6511,319.8162
4805400,84.0,422.0,367.0
4805500,20.0,208.0,337.0
4805600,46.0,228.0,265.0
4805700,37.0,184.0,226.0
4805800,80.0,305.0,367.0
4805901,30.5893,231.31990000000002,207.2098
4805902,33.388000000000005,252.484,226.168
4805903,32.3078,244.31539999999998,218.8508
4805904,29.951,226.493,202.886
4805905,32.9461,249.14230000000003,223.17460000000003
4805906,33.388000000000005,252.484,226.168
4805907,29.459999999999997,222.78,199.56
4805908,29.312700000000003,221.6661,198.56220000000002
4805909,30.392899999999997,229.8347,205.87939999999998
4805910,30.8839,233.5477,209.2054
4805911,32.2096,243.57280000000003,218.18560000000002
4805912,29.6564,224.26520000000002,200.8904
4805913,29.5091,223.1513,199.89260000000002
4805914,29.1163,220.1809,197.2318
4805915,28.6253,216.4679,193.9058
4805916,29.2636,221.2948,198.2296
4806000,93.0,327.0,411.0
4806100,21.0,196.0,250.0
4806200,32.0,251.0,256.0
4806301,34.368,216.411,156.804
4806302,29.632,186.589,135.196
4806400,4.0,121.0,79.0
4806500,30.0,221.0,233.0
4806601,37.873,277.8501,252.7162
4806602,37.972,278.5764,253.3768
4806603,34.155,250.5735,227.907
4806701,19.5024,187.2804,156.0192
4806702,24.2352,232.7292,193.8816
4806703,24.2624,232.9904,194.0992
4806801,13.335299999999998,143.05139999999997,108.4335
4806802,13.285800000000002,142.52040000000002,108.031
4806803,15.6222,167.5836,127.029
4806804,13.2759,142.4142,107.95049999999999
4806805,16.7904,180.1152,136.528
4806806,13.186800000000002,141.4584,107.22600000000001
4806807,13.4937,144.7506,109.7215
4806900,16.0,167.0,169.0
4903001,39.0,140.0,162.0
4905001,148.0,367.0,376.0
4911001,57.969,304.65930000000003,313.6767
4911002,32.031,168.3407,173.3233
4913001,70.0,250.0,274.0
4921001,49.0,289.0,205.0
4935001,42.8922,231.192,237.37740000000002
4935002,47.376,255.36,262.192
4935003,43.7382,235.752,242.0594
4935004,47.164500000000004,254.22,261.0215
4935005,60.489,326.03999999999996,334.763
4935006,41.284800000000004,222.52800000000002,228.48160000000001
4935007,56.6397,305.292,313.4599
4935008,41.6232,224.352,230.3544
4935009,41.750099999999996,225.036,231.05669999999998
4949001,51.9036,162.12359999999998,159.7188
4949002,79.2799,247.6349,243.96169999999998
4949003,56.4361,176.2811,173.6663
4949004,71.3545,222.8795,219.57350000000002
4953001,86.0,295.0,293.0
4957001,35.254799999999996,217.1248,226.638
4957002,27.7452,170.8752,178.362
5000100,153.0,505.0,675.0
5000200,116.0,338.0,536.0
5000300,104.0,345.0,403.0
5000400,102.0,365.0,424.0
5101301,54.71280000000001,309.53260000000006,425.54400000000004
5101302,53.2872,301.4674,414.456
5104101,37.6884,179.84640000000002,236.7096
5104102,40.2078,191.86880000000002,252.53320000000002
5104103,36.1038,172.2848,226.75719999999998
5110701,58.544200000000004,246.3461,282.5251
5110702,60.3598,253.98590000000002,291.2869
5110703,59.1138,248.7429,285.2739
5151010,16.0,235.0,383.0
5151020,48.0,317.0,459.0
5151040,56.0,328.0,462.0
5151044,63.8032,376.264,525.3232
5151045,65.1968,272.736,556.6768
5151080,55.0,288.0,548.0
5151084,47.0,258.0,359.0
5151085,32.0,176.0,284.0
5151087,72.0,275.0,488.0
5151089,46.033199999999994,142.1616,240.5392
5151090,94.9668,400.8384,430.4608
5151095,40.0,155.0,348.0
5151096,52.0,324.0,434.0
5151097,45.0,285.0,528.0
5151105,40.0,218.0,481.0
5151110,50.0,278.0,386.0
5151115,52.0,348.0,447.0
5151120,48.0,250.0,397.0
5151125,92.0,293.0,544.0
5151135,38.0,290.0,442.0
5151145,33.0,225.0,420.0
5151154,68.536,502.8829,508.8798
5151155,32.464,242.1171,322.1202
5151164,67.83,386.308,377.264
5151165,81.54299999999999,464.4068,453.53439999999995
5151167,60.606,345.16560000000004,337.08480000000003
5151175,55.0,364.0,436.0
5151186,35.0,236.0,273.0
5151206,87.0,396.0,422.0
5151215,97.0,335.0,657.0
5151224,67.6952,320.63739999999996,447.3372
5151225,80.3048,380.3626,530.6628
5151235,120.0,655.0,756.0
5151244,40.981199999999994,195.4914,220.9662
5151245,46.088,249.136,347.488
5151246,83.916,400.30199999999996,452.46599999999995
5151255,72.0,381.0,699.0
5155001,26.9876,228.1216,320.796
5155002,26.0124,219.8784,309.204
5159301,54.9096,310.0856,358.9832
5159302,46.8129,264.3619,306.0493
5159303,78.32,457.52,514.44
5159304,38.7984,219.1024,253.65279999999998
5159305,43.4427,245.3297,284.0159
5159306,39.2094,221.4234,256.33979999999997
5159307,60.745799999999996,343.0438,397.13859999999994
5159308,54.8667,313.19370000000004,338.0239
5159309,40.9356,231.17159999999998,267.6252
5310100,127.0,500.0,610.0
5310200,149.0,518.0,581.0
5310300,79.0,294.0,314.0
5310400,59.0,183.0,219.0
5310501,49.8666,282.3093,328.1544
5310502,46.6488,264.0924,306.97920000000005
5310503,48.0252,271.8846,316.03679999999997
5310504,41.459399999999995,234.7137,272.82959999999997
5310600,38.0,181.0,223.0
5310701,32.4401,194.2908,221.1792
5310702,49.75020000000001,230.1696,255.3444
5310703,40.8097,197.5396,216.4764
5310800,53.0,288.0,292.0
5310901,37.604800000000004,204.84720000000002,212.764
5310902,38.395199999999996,209.15279999999998,217.236
5311000,33.0,222.0,240.0
5311101,35.1592,192.3852,253.79
5311102,35.429,193.8615,255.7375
5311103,34.435,188.42249999999999,248.5625
5311104,36.991,202.4085,267.0125
5311200,35.0,264.0,284.0
5311300,44.0,245.0,254.0
5311401,58.1127,318.72119999999995,399.5997
5311402,38.887299999999996,213.2788,267.40029999999996
5311501,40.015,239.33499999999998,287.504
5311502,36.623,219.047,263.1328
5311503,35.8545,214.4505,257.6112
5311504,41.711000000000006,249.479,299.68960000000004
5311505,35.695499999999996,213.49949999999998,256.4688
5311506,40.121,239.96900000000002,288.2656
5311507,35.006499999999996,209.3785,251.51839999999999
5311601,90.7649,448.04920000000004,433.7892
5311602,78.2895,386.466,374.166
5311603,77.0165,380.182,368.082
5311604,70.77879999999999,349.3904,338.2704
5311605,84.2726,416.00079999999997,402.76079999999996
5311606,74.59779999999999,368.2424,356.5224
5311607,85.92750000000001,424.17,410.67
5311608,86.3094,426.0552,412.4952
5311609,86.4367,426.6836,413.10360000000003
5311610,83.50880000000001,412.23040000000003,399.1104
5311611,81.5993,402.80440000000004,389.98440000000005
5311612,79.6898,393.3784,380.8584
5311613,79.5625,392.75,380.25
5311614,70.6515,348.762,337.662
5311615,74.7251,368.87080000000003,357.1308
5311616,68.86930000000001,339.9644,329.1444
5311701,35.64,253.91520000000003,278.3088
5311702,35.1675,250.5489,274.6191
5311703,36.3375,258.8845,283.7555
5311704,35.775,254.877,279.363
5311705,39.3975,280.6853,307.65070000000003
5311706,42.682500000000005,304.08910000000003,333.3029
5311801,47.5979,251.2384,288.0409
5311802,49.4021,260.7616,298.9591
5311900,59.0,241.0,308.0
5400100,92.0,285.0,382.0
5400200,73.0,271.0,413.0
5400300,80.0,318.0,278.0
5400400,68.0,377.0,455.0
5400500,47.0,203.0,280.0
5400600,14.0,137.0,229.0
5400700,49.0,204.0,274.0
5400800,82.0,331.0,360.0
5400900,30.0,117.0,163.0
5401000,81.0,405.0,599.0
5401100,37.0,149.0,238.0
5401200,79.0,280.0,414.0
5401300,20.0,100.0,162.0
5500100,115.0,576.0,487.0
5500101,76.74849999999999,291.6443,347.0865
5500102,126.22800000000001,479.6664,570.8520000000001
5500103,132.0235,501.6893,597.0615
5500200,55.016000000000005,241.6472,261.9608
5500300,74.984,329.3528,357.0392
5500600,89.0,451.0,392.0
5500700,81.0,481.0,491.0
5500800,56.0,305.0,379.0
5500900,78.0,314.0,332.0
5501000,95.0,340.0,347.0
5501001,82.0,329.0,424.0
5501300,98.0,389.0,324.0
5501301,41.0,215.0,240.0
5501400,71.0,362.0,423.0
5501401,62.0,288.0,354.0
5501500,90.0,461.0,480.0
5501501,89.0,373.0,395.0
5501600,65.0,278.0,358.0
5501601,80.0,481.0,499.0
5502400,62.0,350.0,385.0
5502500,56.0,250.0,329.0
5510000,51.0,354.0,328.0
5520000,130.0,461.0,596.0
5530000,70.0,392.0,426.0
5540101,35.557,231.694,234.9056
5540301,38.812000000000005,252.90400000000002,256.4096
5540701,55.459,361.378,366.3872
5541001,35.619,232.098,235.3152
5541002,38.626,251.692,255.1808
5541003,34.751000000000005,226.442,229.5808
5541004,34.503,224.826,227.9424
5541005,36.673,238.966,242.2784
5550000,61.0,272.0,292.0
5555101,57.2775,315.945,393.9475
5555102,75.0,272.0,333.0
5555103,71.7225,383.055,425.0525
5570101,72.1518,239.6261,320.8702
5570201,97.3176,323.2052,432.7864
5570301,76.53059999999999,254.1687,340.3434
5600100,207.0,318.0,444.0
5600200,53.0,226.0,346.0
5600300,56.0,252.0,397.0
5600400,72.0,243.0,351.0
5600500,62.0,248.0,298.0
